user_id,item_id,score
1,13,0.0
1,9,0.0
1,8,1.0
1,20,1.0
1,17,0.0
1,7,1.0
1,19,1.0
1,1,0.0
1,6,0.0
1,4,1.0
1,12,1.0
1,10,1.0
1,3,0.0
1,5,0.0
2,20,1.0
2,16,1.0
2,1,0.0
2,12,1.0
2,17,1.0
2,13,1.0
2,18,1.0
2,2,1.0
2,5,0.0
2,10,1.0
2,7,1.0
2,6,1.0
2,3,1.0
2,4,1.0
3,16,1.0
3,5,0.0
3,8,1.0
3,15,1.0
3,11,0.0
3,20,0.0
3,3,1.0
3,12,0.0
3,1,0.0
3,9,0.0
3,18,0.0
3,2,1.0
3,7,1.0
3,17,0.0
4,12,1.0
4,5,1.0
4,6,1.0
4,15,0.0
4,18,1.0
4,9,0.0
4,17,0.0
4,7,0.0
4,2,1.0
4,8,1.0
4,20,1.0
4,16,1.0
4,11,1.0
4,3,1.0
5,4,1.0
5,18,0.0
5,10,0.0
5,11,0.0
5,13,0.0
5,20,0.0
5,7,0.0
5,1,0.0
5,14,0.0
5,9,0.0
5,5,0.0
5,16,0.0
5,6,1.0
5,15,0.0
6,3,0.0
6,6,1.0
6,18,0.0
6,2,0.0
6,8,1.0
6,1,0.0
6,13,0.0
6,15,0.0
6,16,0.0
6,9,1.0
6,12,0.0
6,19,0.0
6,5,0.0
6,10,0.0
7,1,0.0
7,2,0.0
7,3,0.0
7,4,0.0
7,17,0.0
7,7,0.0
7,12,0.0
7,11,0.0
7,6,0.0
7,18,0.0
7,14,0.0
7,10,0.0
7,19,0.0
7,9,1.0
8,12,0.0
8,15,0.0
8,13,0.0
8,9,0.0
8,16,0.0
8,19,0.0
8,14,0.0
8,20,0.0
8,10,0.0
8,5,0.0
8,3,0.0
8,18,0.0
8,7,0.0
8,4,1.0
9,11,0.0
9,15,0.0
9,1,0.0
9,17,0.0
9,20,0.0
9,2,0.0
9,5,0.0
9,12,1.0
9,7,0.0
9,13,0.0
9,18,0.0
9,19,0.0
9,6,0.0
9,9,1.0
10,19,0.0
10,9,1.0
10,20,0.0
10,1,0.0
10,11,0.0
10,8,1.0
10,2,0.0
10,10,0.0
10,16,0.0
10,3,0.0
10,13,0.0
10,18,0.0
10,14,0.0
10,7,0.0
11,11,0.0
11,5,1.0
11,10,0.0
11,2,1.0
11,7,1.0
11,4,0.0
11,8,1.0
11,14,1.0
11,3,1.0
11,17,0.0
11,15,1.0
11,6,1.0
11,12,1.0
11,16,1.0
12,5,1.0
12,8,1.0
12,2,1.0
12,6,1.0
12,14,0.0
12,20,0.0
12,10,1.0
12,7,0.0
12,1,1.0
12,15,1.0
12,17,0.0
12,16,1.0
12,19,0.0
12,3,1.0
13,16,0.0
13,19,0.0
13,5,1.0
13,8,1.0
13,15,0.0
13,1,1.0
13,20,1.0
13,10,0.0
13,6,1.0
13,17,0.0
13,12,1.0
13,2,0.0
13,9,0.0
13,4,0.0
14,12,1.0
14,16,0.0
14,2,0.0
14,19,0.0
14,13,0.0
14,1,0.0
14,6,0.0
14,20,0.0
14,3,0.0
14,9,0.0
14,10,0.0
14,17,0.0
14,7,0.0
14,4,1.0
15,8,0.0
15,16,0.0
15,6,1.0
15,11,0.0
15,1,0.0
15,13,0.0
15,10,0.0
15,14,1.0
15,4,0.0
15,15,0.0
15,7,0.0
15,3,0.0
15,20,0.0
15,18,0.0
16,3,0.0
16,12,1.0
16,7,0.0
16,13,0.0
16,17,0.0
16,20,1.0
16,14,1.0
16,9,0.0
16,6,1.0
16,1,0.0
16,2,0.0
16,8,0.0
16,19,0.0
16,15,0.0
17,14,0.0
17,5,0.0
17,10,0.0
17,1,0.0
17,17,0.0
17,9,0.0
17,7,0.0
17,8,1.0
17,2,1.0
17,20,0.0
17,11,0.0
17,12,0.0
17,6,1.0
17,4,1.0
18,18,0.0
18,4,0.0
18,3,0.0
18,19,0.0
18,1,0.0
18,11,0.0
18,17,0.0
18,5,1.0
18,14,0.0
18,15,0.0
18,20,0.0
18,12,1.0
18,13,0.0
18,8,0.0
19,12,1.0
19,14,1.0
19,16,0.0
19,8,0.0
19,3,0.0
19,4,0.0
19,1,0.0
19,19,0.0
19,20,0.0
19,18,0.0
19,10,0.0
19,2,0.0
19,7,0.0
19,15,0.0
20,13,0.0
20,15,0.0
20,19,0.0
20,10,0.0
20,1,0.0
20,6,0.0
20,20,0.0
20,5,0.0
20,18,0.0
20,4,0.0
20,3,0.0
20,16,0.0
20,17,0.0
20,9,0.0
21,15,0.0
21,12,1.0
21,6,1.0
21,11,1.0
21,3,1.0
21,1,1.0
21,18,1.0
21,2,1.0
21,5,1.0
21,17,1.0
21,8,1.0
21,19,1.0
21,10,0.0
21,14,1.0
22,7,0.0
22,1,1.0
22,2,1.0
22,16,1.0
22,13,0.0
22,17,0.0
22,3,1.0
22,8,1.0
22,10,1.0
22,9,0.0
22,12,1.0
22,11,1.0
22,20,1.0
22,4,1.0
23,10,1.0
23,17,1.0
23,16,1.0
23,14,1.0
23,7,1.0
23,19,1.0
23,1,1.0
23,12,1.0
23,11,1.0
23,5,1.0
23,9,1.0
23,15,1.0
23,6,1.0
23,20,1.0
24,17,1.0
24,1,0.0
24,8,0.0
24,5,0.0
24,10,1.0
24,18,1.0
24,2,0.0
24,15,0.0
24,9,0.0
24,16,1.0
24,19,0.0
24,3,0.0
24,20,1.0
24,13,0.0
25,1,1.0
25,8,1.0
25,3,1.0
25,20,0.0
25,19,0.0
25,18,0.0
25,6,1.0
25,10,1.0
25,11,1.0
25,7,0.0
25,15,0.0
25,17,0.0
25,13,0.0
25,9,1.0
26,6,0.0
26,7,0.0
26,11,0.0
26,5,0.0
26,12,0.0
26,14,0.0
26,8,0.0
26,9,1.0
26,2,0.0
26,18,0.0
26,19,0.0
26,1,0.0
26,10,0.0
26,13,0.0
27,11,0.0
27,10,0.0
27,12,0.0
27,16,1.0
27,2,0.0
27,3,0.0
27,19,0.0
27,14,1.0
27,18,0.0
27,7,0.0
27,6,1.0
27,9,0.0
27,8,0.0
27,20,0.0
28,3,0.0
28,14,0.0
28,9,0.0
28,2,0.0
28,11,0.0
28,8,0.0
28,5,0.0
28,13,0.0
28,6,0.0
28,15,0.0
28,1,0.0
28,12,0.0
28,16,0.0
28,4,0.0
29,9,1.0
29,20,0.0
29,3,0.0
29,11,0.0
29,10,0.0
29,2,0.0
29,13,0.0
29,7,0.0
29,17,0.0
29,1,0.0
29,5,0.0
29,16,1.0
29,18,0.0
29,6,1.0
30,7,1.0
30,5,1.0
30,4,1.0
30,18,1.0
30,6,1.0
30,3,1.0
30,8,1.0
30,14,1.0
30,17,1.0
30,16,1.0
30,13,1.0
30,1,1.0
30,20,1.0
30,12,1.0
31,8,1.0
31,1,1.0
31,9,1.0
31,11,1.0
31,6,1.0
31,15,1.0
31,19,1.0
31,18,1.0
31,10,0.0
31,14,1.0
31,12,1.0
31,7,1.0
31,3,0.0
31,5,1.0
32,20,1.0
32,5,1.0
32,1,1.0
32,12,1.0
32,4,1.0
32,11,1.0
32,19,1.0
32,2,1.0
32,3,1.0
32,7,1.0
32,8,1.0
32,18,1.0
32,17,1.0
32,9,1.0
33,11,1.0
33,13,1.0
33,17,1.0
33,15,1.0
33,8,1.0
33,4,1.0
33,12,1.0
33,5,1.0
33,14,0.0
33,1,1.0
33,10,1.0
33,19,1.0
33,7,1.0
33,16,1.0
34,10,1.0
34,20,1.0
34,12,1.0
34,11,0.0
34,5,0.0
34,7,1.0
34,3,0.0
34,9,1.0
34,14,1.0
34,17,1.0
34,19,1.0
34,2,0.0
34,4,1.0
34,13,0.0
35,6,1.0
35,4,1.0
35,10,1.0
35,2,1.0
35,9,0.0
35,12,1.0
35,13,1.0
35,1,1.0
35,17,0.0
35,15,1.0
35,16,1.0
35,5,1.0
35,18,1.0
35,3,1.0
36,18,1.0
36,11,0.0
36,13,1.0
36,3,1.0
36,2,1.0
36,10,1.0
36,20,0.0
36,8,0.0
36,12,0.0
36,16,1.0
36,15,1.0
36,14,1.0
36,4,0.0
36,17,0.0
37,4,1.0
37,12,1.0
37,16,1.0
37,2,0.0
37,18,0.0
37,17,1.0
37,3,0.0
37,11,0.0
37,5,0.0
37,8,1.0
37,10,0.0
37,19,0.0
37,6,0.0
37,9,0.0
38,20,0.0
38,7,1.0
38,9,0.0
38,5,1.0
38,1,1.0
38,17,0.0
38,18,0.0
38,11,0.0
38,15,1.0
38,3,1.0
38,12,0.0
38,6,1.0
38,14,1.0
38,10,0.0
39,16,1.0
39,1,1.0
39,7,1.0
39,3,1.0
39,12,1.0
39,14,1.0
39,5,1.0
39,8,1.0
39,6,1.0
39,19,1.0
39,20,1.0
39,15,1.0
39,10,1.0
39,11,1.0
40,15,0.0
40,1,0.0
40,2,0.0
40,19,0.0
40,20,0.0
40,4,0.0
40,16,1.0
40,13,0.0
40,18,0.0
40,5,1.0
40,17,0.0
40,11,0.0
40,12,1.0
40,3,0.0
41,11,0.0
41,4,0.0
41,13,0.0
41,8,0.0
41,12,0.0
41,9,1.0
41,18,0.0
41,7,0.0
41,14,0.0
41,1,0.0
41,10,0.0
41,2,0.0
41,19,0.0
41,6,0.0
42,3,1.0
42,13,1.0
42,4,1.0
42,17,1.0
42,5,1.0
42,15,1.0
42,2,1.0
42,9,1.0
42,14,1.0
42,12,1.0
42,8,1.0
42,11,1.0
42,10,1.0
42,18,1.0
43,14,1.0
43,10,1.0
43,5,1.0
43,7,1.0
43,20,1.0
43,8,1.0
43,4,1.0
43,2,1.0
43,1,1.0
43,15,1.0
43,18,1.0
43,17,1.0
43,13,1.0
43,19,0.0
44,1,0.0
44,12,1.0
44,3,0.0
44,5,0.0
44,10,0.0
44,18,0.0
44,9,0.0
44,14,0.0
44,8,0.0
44,2,0.0
44,15,0.0
44,17,0.0
44,20,0.0
44,16,0.0
45,1,1.0
45,8,1.0
45,13,0.0
45,9,1.0
45,5,0.0
45,10,1.0
45,20,1.0
45,11,1.0
45,3,1.0
45,17,1.0
45,19,1.0
45,12,1.0
45,7,1.0
45,14,1.0
46,1,1.0
46,11,1.0
46,19,1.0
46,16,0.0
46,6,1.0
46,17,1.0
46,3,0.0
46,9,1.0
46,2,1.0
46,5,0.0
46,8,1.0
46,15,1.0
46,18,0.0
46,20,1.0
47,2,0.0
47,9,1.0
47,3,0.0
47,4,0.0
47,15,0.0
47,8,0.0
47,11,0.0
47,7,0.0
47,12,1.0
47,16,0.0
47,14,1.0
47,1,0.0
47,20,0.0
47,13,0.0
48,6,1.0
48,9,0.0
48,1,0.0
48,11,1.0
48,18,1.0
48,16,0.0
48,8,0.0
48,4,0.0
48,2,0.0
48,5,0.0
48,7,0.0
48,15,0.0
48,10,0.0
48,14,1.0
49,6,0.0
49,3,0.0
49,9,1.0
49,17,0.0
49,2,0.0
49,14,0.0
49,7,0.0
49,15,0.0
49,20,0.0
49,12,0.0
49,4,0.0
49,13,0.0
49,19,0.0
49,18,0.0
50,8,1.0
50,1,0.0
50,20,1.0
50,12,1.0
50,6,1.0
50,16,0.0
50,5,0.0
50,4,1.0
50,19,1.0
50,7,1.0
50,11,1.0
50,15,1.0
50,9,1.0
50,13,1.0
51,13,0.0
51,2,0.0
51,10,0.0
51,1,0.0
51,9,0.0
51,4,0.0
51,8,0.0
51,6,0.0
51,14,0.0
51,17,0.0
51,11,0.0
51,20,0.0
51,12,0.0
51,19,0.0
52,5,0.0
52,3,1.0
52,20,0.0
52,12,0.0
52,11,0.0
52,14,1.0
52,18,0.0
52,15,0.0
52,1,1.0
52,10,0.0
52,16,0.0
52,13,0.0
52,7,0.0
52,9,1.0
53,6,1.0
53,14,0.0
53,12,1.0
53,13,0.0
53,3,0.0
53,1,0.0
53,4,0.0
53,8,1.0
53,2,1.0
53,7,0.0
53,9,0.0
53,16,0.0
53,17,0.0
53,18,0.0
54,8,1.0
54,4,1.0
54,7,1.0
54,16,1.0
54,2,1.0
54,5,1.0
54,9,1.0
54,20,1.0
54,1,0.0
54,12,1.0
54,18,1.0
54,14,1.0
54,3,1.0
54,13,0.0
55,16,1.0
55,18,0.0
55,20,1.0
55,9,1.0
55,11,1.0
55,7,0.0
55,17,1.0
55,5,0.0
55,19,0.0
55,8,1.0
55,10,0.0
55,13,0.0
55,15,0.0
55,3,0.0
56,10,1.0
56,13,1.0
56,19,1.0
56,15,1.0
56,18,1.0
56,17,1.0
56,1,1.0
56,7,1.0
56,8,1.0
56,14,1.0
56,4,1.0
56,12,1.0
56,3,1.0
56,6,1.0
57,6,1.0
57,8,1.0
57,10,1.0
57,16,1.0
57,18,1.0
57,7,1.0
57,4,1.0
57,1,1.0
57,2,1.0
57,12,1.0
57,14,1.0
57,20,1.0
57,11,1.0
57,9,1.0
58,11,0.0
58,18,0.0
58,10,0.0
58,6,0.0
58,4,0.0
58,14,0.0
58,16,0.0
58,15,0.0
58,3,0.0
58,7,0.0
58,12,0.0
58,8,0.0
58,1,0.0
58,5,0.0
59,20,0.0
59,1,0.0
59,7,0.0
59,14,0.0
59,2,0.0
59,17,0.0
59,18,0.0
59,15,0.0
59,8,0.0
59,16,1.0
59,3,0.0
59,12,1.0
59,9,1.0
59,11,0.0
60,15,1.0
60,20,1.0
60,11,1.0
60,12,1.0
60,5,0.0
60,8,0.0
60,14,1.0
60,10,1.0
60,18,1.0
60,16,1.0
60,3,1.0
60,13,0.0
60,1,1.0
60,2,1.0
61,13,0.0
61,7,0.0
61,11,0.0
61,20,0.0
61,8,1.0
61,1,0.0
61,16,1.0
61,3,0.0
61,4,0.0
61,18,0.0
61,9,0.0
61,2,0.0
61,17,0.0
61,6,1.0
62,14,0.0
62,4,0.0
62,3,0.0
62,13,0.0
62,1,0.0
62,2,0.0
62,15,0.0
62,17,0.0
62,19,0.0
62,8,0.0
62,10,0.0
62,11,0.0
62,20,0.0
62,7,0.0
63,20,0.0
63,3,1.0
63,6,1.0
63,4,0.0
63,2,1.0
63,15,0.0
63,10,0.0
63,12,1.0
63,13,1.0
63,19,0.0
63,7,1.0
63,16,1.0
63,9,1.0
63,11,1.0
64,5,1.0
64,6,1.0
64,19,0.0
64,13,0.0
64,17,1.0
64,9,1.0
64,10,1.0
64,15,1.0
64,12,1.0
64,14,1.0
64,3,1.0
64,16,1.0
64,8,1.0
64,11,1.0
65,8,1.0
65,12,1.0
65,5,1.0
65,9,1.0
65,16,1.0
65,6,1.0
65,2,1.0
65,7,0.0
65,19,0.0
65,4,1.0
65,11,0.0
65,15,1.0
65,18,0.0
65,17,0.0
66,13,0.0
66,17,0.0
66,9,0.0
66,3,0.0
66,7,0.0
66,10,1.0
66,16,1.0
66,4,1.0
66,2,0.0
66,19,0.0
66,1,0.0
66,18,1.0
66,15,0.0
66,6,0.0
67,6,1.0
67,8,0.0
67,12,1.0
67,11,0.0
67,17,0.0
67,5,1.0
67,4,0.0
67,14,1.0
67,1,1.0
67,10,0.0
67,13,0.0
67,16,1.0
67,18,1.0
67,15,1.0
68,15,0.0
68,1,0.0
68,14,0.0
68,10,0.0
68,2,0.0
68,13,0.0
68,9,1.0
68,11,0.0
68,16,0.0
68,3,0.0
68,5,0.0
68,18,0.0
68,12,0.0
68,7,0.0
69,10,0.0
69,4,0.0
69,7,0.0
69,14,0.0
69,13,0.0
69,18,0.0
69,5,0.0
69,11,0.0
69,2,0.0
69,20,0.0
69,17,0.0
69,8,0.0
69,1,0.0
69,9,0.0
70,9,0.0
70,20,0.0
70,12,1.0
70,8,1.0
70,6,0.0
70,10,0.0
70,3,0.0
70,16,0.0
70,2,0.0
70,7,1.0
70,18,1.0
70,15,1.0
70,5,0.0
70,1,0.0
71,18,0.0
71,19,0.0
71,10,0.0
71,6,1.0
71,3,0.0
71,7,0.0
71,20,0.0
71,2,0.0
71,9,1.0
71,5,1.0
71,17,0.0
71,11,0.0
71,4,0.0
71,16,1.0
72,10,0.0
72,19,0.0
72,12,0.0
72,4,0.0
72,16,0.0
72,1,0.0
72,20,0.0
72,18,0.0
72,11,0.0
72,14,1.0
72,7,0.0
72,3,0.0
72,5,1.0
72,17,0.0
73,15,0.0
73,2,0.0
73,9,0.0
73,16,0.0
73,13,0.0
73,4,0.0
73,3,0.0
73,7,0.0
73,5,0.0
73,14,0.0
73,6,0.0
73,10,0.0
73,19,0.0
73,1,0.0
74,3,1.0
74,20,0.0
74,10,1.0
74,4,0.0
74,13,1.0
74,14,1.0
74,12,1.0
74,8,0.0
74,11,1.0
74,2,1.0
74,16,1.0
74,15,1.0
74,9,1.0
74,5,1.0
75,3,0.0
75,20,0.0
75,7,0.0
75,1,0.0
75,6,1.0
75,9,0.0
75,4,0.0
75,13,0.0
75,17,0.0
75,15,0.0
75,12,1.0
75,16,1.0
75,8,1.0
75,11,0.0
76,17,0.0
76,15,0.0
76,8,0.0
76,7,0.0
76,3,0.0
76,10,0.0
76,1,0.0
76,4,0.0
76,5,0.0
76,16,0.0
76,14,0.0
76,9,0.0
76,19,0.0
76,18,0.0
77,4,0.0
77,3,0.0
77,11,0.0
77,2,1.0
77,18,0.0
77,14,1.0
77,1,0.0
77,7,0.0
77,5,1.0
77,9,1.0
77,10,0.0
77,6,1.0
77,20,0.0
77,15,0.0
78,2,1.0
78,7,0.0
78,5,0.0
78,18,1.0
78,13,1.0
78,16,1.0
78,6,1.0
78,14,1.0
78,20,1.0
78,3,1.0
78,15,0.0
78,19,0.0
78,17,1.0
78,8,1.0
79,14,1.0
79,9,1.0
79,12,1.0
79,5,1.0
79,13,1.0
79,19,1.0
79,8,1.0
79,15,1.0
79,20,1.0
79,10,1.0
79,4,1.0
79,3,1.0
79,6,1.0
79,18,1.0
80,6,1.0
80,2,0.0
80,20,1.0
80,12,1.0
80,13,0.0
80,18,1.0
80,9,1.0
80,1,0.0
80,11,1.0
80,8,1.0
80,16,0.0
80,15,0.0
80,17,1.0
80,19,1.0
81,12,1.0
81,18,0.0
81,3,0.0
81,7,0.0
81,2,0.0
81,14,1.0
81,1,0.0
81,5,0.0
81,13,0.0
81,17,0.0
81,8,1.0
81,4,1.0
81,19,0.0
81,10,0.0
82,18,1.0
82,9,1.0
82,20,1.0
82,8,1.0
82,14,1.0
82,12,0.0
82,11,1.0
82,19,1.0
82,6,1.0
82,13,0.0
82,1,1.0
82,10,0.0
82,3,1.0
82,4,1.0
83,2,0.0
83,10,0.0
83,9,1.0
83,18,0.0
83,14,0.0
83,4,0.0
83,5,0.0
83,1,0.0
83,17,0.0
83,6,0.0
83,13,0.0
83,20,0.0
83,11,0.0
83,19,0.0
84,18,0.0
84,3,1.0
84,10,0.0
84,2,1.0
84,7,0.0
84,5,0.0
84,19,0.0
84,20,0.0
84,15,0.0
84,12,1.0
84,11,0.0
84,16,0.0
84,1,1.0
84,9,0.0
85,9,1.0
85,19,0.0
85,7,0.0
85,3,1.0
85,18,1.0
85,5,1.0
85,10,0.0
85,16,0.0
85,11,0.0
85,15,1.0
85,12,1.0
85,8,1.0
85,4,0.0
85,1,1.0
86,3,0.0
86,1,1.0
86,17,1.0
86,8,1.0
86,16,0.0
86,10,0.0
86,13,0.0
86,20,1.0
86,19,0.0
86,7,1.0
86,4,1.0
86,6,1.0
86,15,1.0
86,12,1.0
87,11,1.0
87,8,1.0
87,15,0.0
87,6,1.0
87,9,1.0
87,17,1.0
87,20,1.0
87,1,1.0
87,16,1.0
87,4,1.0
87,14,0.0
87,12,1.0
87,18,1.0
87,13,1.0
88,9,1.0
88,13,1.0
88,20,1.0
88,11,1.0
88,17,1.0
88,10,1.0
88,5,1.0
88,19,1.0
88,12,1.0
88,15,1.0
88,6,1.0
88,16,1.0
88,8,1.0
88,4,1.0
89,15,1.0
89,5,1.0
89,7,1.0
89,2,1.0
89,19,1.0
89,13,1.0
89,17,1.0
89,10,1.0
89,4,1.0
89,11,1.0
89,6,1.0
89,14,1.0
89,16,1.0
89,8,1.0
90,20,1.0
90,16,1.0
90,1,1.0
90,11,1.0
90,5,1.0
90,12,1.0
90,6,1.0
90,15,0.0
90,2,1.0
90,10,1.0
90,14,1.0
90,19,1.0
90,13,1.0
90,4,1.0
91,8,1.0
91,3,1.0
91,6,1.0
91,11,0.0
91,7,1.0
91,16,1.0
91,10,0.0
91,14,1.0
91,4,1.0
91,15,1.0
91,19,1.0
91,9,1.0
91,18,0.0
91,13,0.0
92,15,0.0
92,17,0.0
92,14,0.0
92,7,0.0
92,9,0.0
92,20,0.0
92,11,0.0
92,3,0.0
92,18,0.0
92,16,1.0
92,8,1.0
92,6,0.0
92,12,1.0
92,13,0.0
93,14,1.0
93,8,1.0
93,12,1.0
93,19,0.0
93,16,1.0
93,1,1.0
93,9,0.0
93,18,1.0
93,7,1.0
93,17,1.0
93,10,1.0
93,4,1.0
93,13,1.0
93,11,1.0
94,8,1.0
94,17,1.0
94,15,1.0
94,5,1.0
94,19,1.0
94,10,1.0
94,6,1.0
94,13,1.0
94,11,1.0
94,20,1.0
94,14,1.0
94,1,1.0
94,9,1.0
94,7,1.0
95,5,1.0
95,8,1.0
95,3,1.0
95,20,1.0
95,17,1.0
95,16,1.0
95,14,1.0
95,11,1.0
95,15,1.0
95,4,1.0
95,2,1.0
95,9,1.0
95,1,1.0
95,10,1.0
96,12,1.0
96,4,1.0
96,11,1.0
96,14,1.0
96,15,1.0
96,5,0.0
96,6,1.0
96,1,0.0
96,10,1.0
96,9,1.0
96,16,1.0
96,8,1.0
96,3,1.0
96,19,1.0
97,14,1.0
97,1,0.0
97,17,1.0
97,5,1.0
97,9,0.0
97,8,1.0
97,18,0.0
97,6,1.0
97,13,0.0
97,19,0.0
97,16,1.0
97,4,0.0
97,15,0.0
97,11,1.0
98,13,0.0
98,7,0.0
98,20,0.0
98,12,1.0
98,6,0.0
98,2,0.0
98,14,0.0
98,5,0.0
98,16,1.0
98,8,0.0
98,1,0.0
98,19,0.0
98,4,0.0
98,15,0.0
99,14,1.0
99,4,1.0
99,8,1.0
99,19,1.0
99,5,1.0
99,20,1.0
99,15,1.0
99,16,1.0
99,3,1.0
99,11,1.0
99,13,1.0
99,6,1.0
99,17,0.0
99,7,1.0
100,5,0.0
100,14,0.0
100,17,0.0
100,1,0.0
100,8,1.0
100,20,0.0
100,11,0.0
100,7,0.0
100,15,0.0
100,9,0.0
100,6,1.0
100,3,0.0
100,12,0.0
100,19,0.0
101,4,0.0
101,18,0.0
101,20,0.0
101,6,1.0
101,2,0.0
101,13,0.0
101,15,0.0
101,8,0.0
101,1,1.0
101,16,1.0
101,3,0.0
101,10,0.0
101,19,0.0
101,5,1.0
102,13,1.0
102,4,0.0
102,16,1.0
102,11,1.0
102,17,1.0
102,7,1.0
102,20,1.0
102,12,1.0
102,6,1.0
102,1,1.0
102,2,1.0
102,8,1.0
102,3,1.0
102,9,1.0
103,1,0.0
103,10,0.0
103,3,0.0
103,18,0.0
103,15,0.0
103,19,0.0
103,11,0.0
103,14,1.0
103,6,1.0
103,9,1.0
103,13,0.0
103,4,0.0
103,12,0.0
103,20,0.0
104,10,1.0
104,14,1.0
104,18,1.0
104,6,1.0
104,11,1.0
104,9,1.0
104,8,1.0
104,13,1.0
104,1,0.0
104,5,1.0
104,15,1.0
104,19,1.0
104,12,1.0
104,4,1.0
105,16,0.0
105,6,1.0
105,3,1.0
105,12,1.0
105,5,1.0
105,8,1.0
105,17,1.0
105,9,1.0
105,2,1.0
105,19,0.0
105,10,1.0
105,14,1.0
105,18,0.0
105,4,1.0
106,14,1.0
106,10,0.0
106,18,1.0
106,4,0.0
106,3,0.0
106,8,0.0
106,7,0.0
106,20,0.0
106,12,1.0
106,1,1.0
106,15,0.0
106,16,1.0
106,13,0.0
106,2,1.0
107,14,0.0
107,19,0.0
107,11,0.0
107,8,1.0
107,1,1.0
107,17,0.0
107,3,1.0
107,20,0.0
107,16,0.0
107,5,0.0
107,18,0.0
107,15,0.0
107,6,1.0
107,2,1.0
108,16,1.0
108,7,1.0
108,12,1.0
108,4,1.0
108,5,1.0
108,11,1.0
108,17,1.0
108,13,1.0
108,20,1.0
108,3,1.0
108,6,1.0
108,10,1.0
108,2,1.0
108,9,1.0
109,8,1.0
109,7,0.0
109,9,1.0
109,6,1.0
109,5,1.0
109,12,1.0
109,19,1.0
109,13,0.0
109,3,1.0
109,15,0.0
109,18,1.0
109,4,0.0
109,17,0.0
109,2,1.0
110,15,1.0
110,14,0.0
110,17,1.0
110,20,0.0
110,8,1.0
110,3,1.0
110,19,0.0
110,13,0.0
110,10,1.0
110,5,1.0
110,18,1.0
110,11,1.0
110,9,0.0
110,7,0.0
111,1,0.0
111,6,1.0
111,8,1.0
111,20,0.0
111,10,0.0
111,13,0.0
111,14,0.0
111,17,0.0
111,18,0.0
111,16,0.0
111,4,0.0
111,5,0.0
111,3,0.0
111,2,0.0
112,6,0.0
112,5,0.0
112,20,0.0
112,18,0.0
112,1,0.0
112,14,0.0
112,8,0.0
112,12,0.0
112,9,0.0
112,19,0.0
112,2,0.0
112,13,0.0
112,17,0.0
112,3,0.0
113,15,1.0
113,13,0.0
113,5,1.0
113,2,0.0
113,20,0.0
113,3,0.0
113,17,0.0
113,1,1.0
113,8,1.0
113,14,1.0
113,12,1.0
113,11,0.0
113,10,1.0
113,6,1.0
114,7,0.0
114,9,0.0
114,16,1.0
114,20,1.0
114,10,1.0
114,17,1.0
114,14,1.0
114,18,1.0
114,5,0.0
114,12,1.0
114,2,0.0
114,6,1.0
114,1,0.0
114,3,0.0
115,14,1.0
115,16,1.0
115,15,0.0
115,4,1.0
115,10,1.0
115,9,0.0
115,19,1.0
115,7,1.0
115,17,0.0
115,13,1.0
115,6,1.0
115,12,0.0
115,8,1.0
115,18,1.0
116,2,1.0
116,1,0.0
116,5,1.0
116,15,1.0
116,18,1.0
116,3,1.0
116,4,1.0
116,17,1.0
116,16,1.0
116,7,1.0
116,8,1.0
116,6,1.0
116,20,1.0
116,14,1.0
117,6,0.0
117,9,1.0
117,18,0.0
117,15,0.0
117,10,0.0
117,1,0.0
117,5,0.0
117,20,0.0
117,8,0.0
117,19,0.0
117,16,0.0
117,11,0.0
117,12,0.0
117,7,0.0
118,19,0.0
118,12,1.0
118,8,1.0
118,10,0.0
118,3,0.0
118,14,1.0
118,2,0.0
118,17,0.0
118,20,1.0
118,6,1.0
118,1,0.0
118,7,0.0
118,18,1.0
118,16,1.0
119,20,1.0
119,4,1.0
119,5,0.0
119,3,0.0
119,9,1.0
119,14,1.0
119,10,1.0
119,7,1.0
119,12,1.0
119,16,1.0
119,8,1.0
119,19,1.0
119,6,1.0
119,18,1.0
120,7,0.0
120,13,0.0
120,19,0.0
120,5,0.0
120,16,0.0
120,3,0.0
120,14,0.0
120,15,0.0
120,20,0.0
120,18,0.0
120,8,0.0
120,2,0.0
120,1,0.0
120,12,0.0
121,4,1.0
121,6,0.0
121,18,0.0
121,5,1.0
121,17,0.0
121,8,1.0
121,14,0.0
121,11,0.0
121,10,0.0
121,20,0.0
121,19,0.0
121,12,0.0
121,16,0.0
121,7,0.0
122,2,0.0
122,5,0.0
122,15,0.0
122,1,0.0
122,10,0.0
122,6,1.0
122,12,1.0
122,11,0.0
122,16,1.0
122,7,0.0
122,20,0.0
122,4,0.0
122,14,0.0
122,9,1.0
123,11,0.0
123,17,0.0
123,20,0.0
123,10,0.0
123,5,0.0
123,13,0.0
123,12,0.0
123,18,0.0
123,4,0.0
123,15,0.0
123,6,1.0
123,1,0.0
123,3,0.0
123,16,1.0
124,18,1.0
124,13,1.0
124,14,1.0
124,6,1.0
124,8,1.0
124,3,1.0
124,17,1.0
124,12,1.0
124,20,1.0
124,19,1.0
124,5,1.0
124,1,1.0
124,7,1.0
124,11,1.0
125,20,1.0
125,9,0.0
125,19,1.0
125,6,1.0
125,13,1.0
125,7,0.0
125,12,1.0
125,5,1.0
125,17,1.0
125,16,1.0
125,15,0.0
125,1,1.0
125,18,0.0
125,10,1.0
126,18,1.0
126,11,1.0
126,9,0.0
126,4,1.0
126,20,1.0
126,14,1.0
126,19,1.0
126,6,1.0
126,13,1.0
126,16,1.0
126,10,1.0
126,17,1.0
126,12,1.0
126,2,1.0
127,18,1.0
127,17,1.0
127,5,1.0
127,10,1.0
127,16,1.0
127,4,1.0
127,3,1.0
127,14,1.0
127,19,1.0
127,13,1.0
127,12,1.0
127,9,1.0
127,6,1.0
127,20,1.0
128,9,1.0
128,7,1.0
128,17,1.0
128,19,1.0
128,4,1.0
128,6,1.0
128,15,1.0
128,2,0.0
128,16,1.0
128,8,1.0
128,20,1.0
128,3,0.0
128,13,1.0
128,14,1.0
129,12,1.0
129,2,0.0
129,19,0.0
129,6,1.0
129,14,1.0
129,1,0.0
129,13,0.0
129,18,0.0
129,11,1.0
129,15,0.0
129,16,1.0
129,7,0.0
129,4,1.0
129,17,1.0
130,12,1.0
130,11,1.0
130,19,1.0
130,8,1.0
130,4,1.0
130,13,1.0
130,9,1.0
130,18,1.0
130,14,1.0
130,10,1.0
130,1,1.0
130,5,1.0
130,16,1.0
130,3,1.0
131,1,0.0
131,9,0.0
131,8,0.0
131,7,0.0
131,15,0.0
131,17,1.0
131,18,0.0
131,19,0.0
131,13,0.0
131,2,0.0
131,4,0.0
131,20,0.0
131,11,0.0
131,16,1.0
132,3,0.0
132,6,1.0
132,9,1.0
132,19,0.0
132,7,0.0
132,10,1.0
132,12,1.0
132,20,0.0
132,14,1.0
132,13,1.0
132,15,0.0
132,11,1.0
132,18,1.0
132,17,1.0
133,19,0.0
133,11,0.0
133,17,0.0
133,3,0.0
133,2,0.0
133,9,1.0
133,4,0.0
133,20,0.0
133,13,0.0
133,1,0.0
133,12,1.0
133,14,0.0
133,18,0.0
133,16,0.0
134,7,0.0
134,18,0.0
134,20,0.0
134,14,0.0
134,3,0.0
134,2,0.0
134,12,0.0
134,8,1.0
134,11,0.0
134,6,0.0
134,4,0.0
134,17,0.0
134,9,0.0
134,10,0.0
135,10,0.0
135,1,0.0
135,13,0.0
135,8,1.0
135,4,0.0
135,17,0.0
135,20,0.0
135,9,0.0
135,5,1.0
135,19,0.0
135,18,0.0
135,11,0.0
135,16,0.0
135,15,0.0
136,9,1.0
136,12,1.0
136,14,1.0
136,19,1.0
136,1,1.0
136,11,1.0
136,3,1.0
136,5,1.0
136,8,1.0
136,18,0.0
136,7,1.0
136,16,1.0
136,13,1.0
136,15,1.0
137,5,0.0
137,6,1.0
137,15,1.0
137,17,1.0
137,7,0.0
137,16,1.0
137,14,1.0
137,4,0.0
137,13,0.0
137,1,0.0
137,12,0.0
137,19,0.0
137,11,1.0
137,18,1.0
138,17,1.0
138,20,1.0
138,18,1.0
138,6,1.0
138,7,1.0
138,11,1.0
138,3,1.0
138,13,1.0
138,10,0.0
138,14,1.0
138,4,1.0
138,12,1.0
138,5,1.0
138,1,1.0
139,6,0.0
139,20,0.0
139,18,0.0
139,2,0.0
139,3,0.0
139,13,0.0
139,7,0.0
139,19,0.0
139,14,0.0
139,16,0.0
139,12,0.0
139,9,1.0
139,11,0.0
139,8,0.0
140,17,1.0
140,11,0.0
140,15,1.0
140,19,1.0
140,5,1.0
140,2,1.0
140,9,1.0
140,20,1.0
140,1,1.0
140,6,1.0
140,18,1.0
140,7,1.0
140,4,1.0
140,3,1.0
141,11,1.0
141,13,0.0
141,18,0.0
141,3,1.0
141,14,0.0
141,8,1.0
141,7,1.0
141,1,1.0
141,16,1.0
141,4,1.0
141,12,1.0
141,20,0.0
141,6,1.0
141,10,0.0
142,2,1.0
142,11,1.0
142,15,1.0
142,12,1.0
142,1,1.0
142,7,1.0
142,6,1.0
142,17,1.0
142,20,1.0
142,18,0.0
142,4,1.0
142,10,1.0
142,13,1.0
142,14,1.0
143,16,0.0
143,6,1.0
143,11,0.0
143,17,0.0
143,20,0.0
143,12,1.0
143,10,0.0
143,3,0.0
143,5,0.0
143,2,0.0
143,7,0.0
143,9,0.0
143,18,0.0
143,13,0.0
144,10,0.0
144,17,0.0
144,18,0.0
144,9,0.0
144,14,0.0
144,19,0.0
144,7,0.0
144,3,0.0
144,2,0.0
144,15,0.0
144,1,0.0
144,13,0.0
144,20,0.0
144,8,1.0
145,18,0.0
145,17,0.0
145,20,0.0
145,7,0.0
145,19,0.0
145,12,1.0
145,11,1.0
145,3,0.0
145,10,0.0
145,2,0.0
145,8,0.0
145,4,0.0
145,14,1.0
145,1,0.0
146,10,1.0
146,15,1.0
146,1,0.0
146,3,1.0
146,2,1.0
146,7,0.0
146,14,1.0
146,4,1.0
146,19,1.0
146,5,1.0
146,9,0.0
146,8,1.0
146,13,1.0
146,17,1.0
147,19,1.0
147,8,1.0
147,12,1.0
147,20,0.0
147,16,1.0
147,6,1.0
147,2,1.0
147,13,1.0
147,9,0.0
147,11,1.0
147,3,1.0
147,14,1.0
147,7,1.0
147,1,1.0
148,12,0.0
148,8,0.0
148,17,0.0
148,1,0.0
148,9,0.0
148,18,0.0
148,19,0.0
148,10,0.0
148,7,0.0
148,11,0.0
148,6,0.0
148,20,0.0
148,13,0.0
148,14,0.0
149,12,1.0
149,6,1.0
149,1,0.0
149,7,0.0
149,16,1.0
149,9,1.0
149,20,1.0
149,13,1.0
149,19,0.0
149,15,0.0
149,17,1.0
149,11,0.0
149,8,1.0
149,3,1.0
150,20,1.0
150,18,1.0
150,11,1.0
150,9,1.0
150,6,1.0
150,14,1.0
150,4,1.0
150,19,1.0
150,13,1.0
150,7,1.0
150,10,1.0
150,3,1.0
150,8,1.0
150,1,1.0
151,12,1.0
151,20,1.0
151,9,0.0
151,8,1.0
151,5,1.0
151,10,1.0
151,15,1.0
151,16,1.0
151,6,1.0
151,1,1.0
151,4,1.0
151,18,0.0
151,19,1.0
151,3,1.0
152,1,1.0
152,19,1.0
152,15,1.0
152,16,1.0
152,4,1.0
152,11,1.0
152,14,1.0
152,12,1.0
152,9,1.0
152,8,1.0
152,3,1.0
152,17,1.0
152,6,1.0
152,13,1.0
153,2,1.0
153,4,0.0
153,15,1.0
153,10,1.0
153,13,1.0
153,17,1.0
153,19,1.0
153,6,1.0
153,12,1.0
153,18,0.0
153,5,1.0
153,14,1.0
153,11,1.0
153,3,0.0
154,7,1.0
154,10,1.0
154,4,0.0
154,8,1.0
154,1,1.0
154,6,1.0
154,9,1.0
154,12,0.0
154,19,1.0
154,14,1.0
154,13,1.0
154,18,1.0
154,2,1.0
154,5,1.0
155,11,1.0
155,19,1.0
155,13,1.0
155,5,1.0
155,10,1.0
155,17,0.0
155,8,1.0
155,1,0.0
155,6,1.0
155,14,0.0
155,9,1.0
155,4,1.0
155,2,1.0
155,15,1.0
156,5,1.0
156,10,0.0
156,18,1.0
156,19,1.0
156,8,1.0
156,2,1.0
156,1,1.0
156,9,0.0
156,3,1.0
156,12,1.0
156,15,1.0
156,11,1.0
156,13,1.0
156,7,1.0
157,12,1.0
157,10,1.0
157,3,1.0
157,20,0.0
157,14,1.0
157,2,1.0
157,5,1.0
157,19,1.0
157,16,1.0
157,9,1.0
157,7,1.0
157,11,1.0
157,15,1.0
157,8,1.0
158,4,1.0
158,13,0.0
158,16,0.0
158,10,1.0
158,15,0.0
158,8,0.0
158,19,0.0
158,6,1.0
158,18,1.0
158,20,1.0
158,9,0.0
158,3,0.0
158,11,1.0
158,5,0.0
159,20,0.0
159,4,1.0
159,12,1.0
159,19,1.0
159,2,1.0
159,6,1.0
159,10,0.0
159,16,1.0
159,8,1.0
159,5,0.0
159,3,1.0
159,15,1.0
159,9,1.0
159,14,1.0
160,15,1.0
160,6,1.0
160,8,1.0
160,17,1.0
160,19,0.0
160,10,0.0
160,9,1.0
160,20,1.0
160,3,1.0
160,7,1.0
160,2,1.0
160,16,1.0
160,13,1.0
160,14,1.0
161,17,0.0
161,16,1.0
161,10,1.0
161,3,1.0
161,6,1.0
161,11,1.0
161,12,1.0
161,7,0.0
161,2,1.0
161,14,1.0
161,5,1.0
161,1,1.0
161,4,1.0
161,13,1.0
162,2,1.0
162,6,0.0
162,3,1.0
162,7,1.0
162,10,1.0
162,13,1.0
162,4,1.0
162,12,1.0
162,16,1.0
162,5,0.0
162,20,1.0
162,17,1.0
162,9,1.0
162,18,1.0
163,8,1.0
163,5,1.0
163,2,1.0
163,11,1.0
163,20,1.0
163,16,1.0
163,1,1.0
163,17,1.0
163,4,1.0
163,19,1.0
163,18,0.0
163,3,1.0
163,9,1.0
163,15,1.0
164,1,1.0
164,14,1.0
164,5,1.0
164,11,1.0
164,3,1.0
164,18,1.0
164,8,1.0
164,17,1.0
164,12,1.0
164,4,1.0
164,10,1.0
164,9,1.0
164,7,1.0
164,20,0.0
165,5,0.0
165,8,0.0
165,16,0.0
165,6,0.0
165,4,0.0
165,20,0.0
165,2,0.0
165,7,0.0
165,11,0.0
165,3,0.0
165,17,0.0
165,19,0.0
165,18,0.0
165,9,0.0
166,8,0.0
166,13,0.0
166,12,0.0
166,15,0.0
166,9,1.0
166,2,0.0
166,10,0.0
166,20,0.0
166,4,0.0
166,16,0.0
166,19,0.0
166,14,0.0
166,3,0.0
166,5,1.0
167,17,0.0
167,3,0.0
167,20,0.0
167,16,0.0
167,4,0.0
167,10,0.0
167,18,0.0
167,1,0.0
167,12,1.0
167,13,0.0
167,2,0.0
167,9,1.0
167,19,0.0
167,11,0.0
168,4,1.0
168,7,1.0
168,17,1.0
168,1,1.0
168,16,1.0
168,2,1.0
168,15,1.0
168,10,1.0
168,11,1.0
168,14,1.0
168,3,1.0
168,6,1.0
168,12,1.0
168,19,1.0
169,18,1.0
169,1,1.0
169,14,1.0
169,9,1.0
169,17,1.0
169,13,1.0
169,7,1.0
169,19,1.0
169,11,1.0
169,2,1.0
169,10,1.0
169,15,1.0
169,4,1.0
169,3,1.0
170,19,0.0
170,12,0.0
170,7,0.0
170,8,0.0
170,4,0.0
170,17,0.0
170,14,0.0
170,13,0.0
170,3,0.0
170,10,0.0
170,15,0.0
170,16,0.0
170,9,0.0
170,11,0.0
171,15,0.0
171,1,0.0
171,11,0.0
171,5,0.0
171,7,0.0
171,20,1.0
171,19,0.0
171,10,0.0
171,6,0.0
171,16,1.0
171,18,1.0
171,13,0.0
171,14,0.0
171,4,0.0
172,12,1.0
172,6,1.0
172,19,0.0
172,5,1.0
172,11,1.0
172,9,1.0
172,17,1.0
172,18,1.0
172,8,1.0
172,13,1.0
172,10,1.0
172,2,1.0
172,14,1.0
172,20,1.0
173,10,1.0
173,12,1.0
173,9,1.0
173,2,1.0
173,14,1.0
173,16,1.0
173,20,1.0
173,3,1.0
173,8,1.0
173,18,1.0
173,6,1.0
173,13,1.0
173,17,1.0
173,19,1.0
174,4,1.0
174,5,0.0
174,18,1.0
174,16,0.0
174,2,0.0
174,8,1.0
174,12,1.0
174,10,0.0
174,14,1.0
174,19,0.0
174,20,0.0
174,15,1.0
174,6,1.0
174,1,0.0
175,13,0.0
175,11,1.0
175,4,0.0
175,9,1.0
175,1,0.0
175,10,0.0
175,18,0.0
175,12,1.0
175,7,0.0
175,16,1.0
175,17,0.0
175,5,1.0
175,15,0.0
175,8,0.0
176,3,0.0
176,10,0.0
176,11,1.0
176,15,0.0
176,13,0.0
176,19,0.0
176,2,0.0
176,20,1.0
176,17,0.0
176,5,0.0
176,7,0.0
176,16,1.0
176,8,1.0
176,4,1.0
177,5,0.0
177,3,1.0
177,17,1.0
177,4,1.0
177,6,1.0
177,20,1.0
177,12,1.0
177,16,1.0
177,18,1.0
177,14,1.0
177,13,0.0
177,19,0.0
177,15,0.0
177,9,0.0
178,6,1.0
178,3,1.0
178,10,0.0
178,9,0.0
178,2,1.0
178,12,0.0
178,4,0.0
178,8,0.0
178,18,0.0
178,19,0.0
178,15,0.0
178,1,0.0
178,14,1.0
178,5,1.0
179,17,1.0
179,11,1.0
179,5,1.0
179,10,1.0
179,2,1.0
179,1,0.0
179,14,1.0
179,8,1.0
179,4,1.0
179,9,1.0
179,20,0.0
179,13,1.0
179,3,1.0
179,6,1.0
180,19,1.0
180,12,1.0
180,14,1.0
180,18,1.0
180,13,0.0
180,17,1.0
180,11,1.0
180,16,1.0
180,8,1.0
180,20,1.0
180,6,1.0
180,7,1.0
180,1,1.0
180,3,0.0
181,16,0.0
181,10,0.0
181,15,0.0
181,20,0.0
181,17,0.0
181,12,0.0
181,14,0.0
181,1,0.0
181,13,0.0
181,3,0.0
181,6,0.0
181,19,0.0
181,8,1.0
181,11,0.0
182,12,1.0
182,17,1.0
182,14,1.0
182,11,1.0
182,4,1.0
182,6,1.0
182,19,0.0
182,9,1.0
182,3,1.0
182,8,1.0
182,5,1.0
182,1,1.0
182,18,1.0
182,13,0.0
183,11,1.0
183,4,1.0
183,12,0.0
183,10,0.0
183,18,0.0
183,2,1.0
183,8,1.0
183,5,0.0
183,9,1.0
183,3,1.0
183,1,1.0
183,20,0.0
183,17,1.0
183,7,1.0
184,5,1.0
184,8,1.0
184,2,1.0
184,13,1.0
184,10,1.0
184,11,1.0
184,20,1.0
184,14,1.0
184,12,1.0
184,15,1.0
184,6,1.0
184,9,1.0
184,7,1.0
184,17,1.0
185,16,1.0
185,17,1.0
185,3,1.0
185,8,1.0
185,12,1.0
185,1,1.0
185,5,1.0
185,15,1.0
185,18,1.0
185,20,1.0
185,7,0.0
185,4,1.0
185,19,1.0
185,10,1.0
186,11,1.0
186,9,1.0
186,18,1.0
186,2,1.0
186,8,1.0
186,10,0.0
186,13,1.0
186,15,1.0
186,7,1.0
186,14,1.0
186,17,1.0
186,5,1.0
186,6,1.0
186,19,1.0
187,5,1.0
187,6,1.0
187,13,0.0
187,2,1.0
187,12,0.0
187,17,0.0
187,4,0.0
187,11,0.0
187,7,0.0
187,8,0.0
187,3,0.0
187,19,0.0
187,9,1.0
187,15,0.0
188,9,0.0
188,16,0.0
188,4,0.0
188,12,1.0
188,7,0.0
188,5,0.0
188,15,0.0
188,14,1.0
188,3,0.0
188,18,0.0
188,20,0.0
188,8,1.0
188,19,0.0
188,2,0.0
189,11,1.0
189,6,1.0
189,12,1.0
189,3,1.0
189,10,1.0
189,7,1.0
189,9,1.0
189,19,1.0
189,15,1.0
189,1,1.0
189,20,1.0
189,18,1.0
189,13,1.0
189,2,1.0
190,4,1.0
190,12,1.0
190,16,1.0
190,14,1.0
190,13,1.0
190,20,1.0
190,6,1.0
190,8,1.0
190,2,1.0
190,9,1.0
190,18,1.0
190,3,1.0
190,10,1.0
190,19,1.0
191,16,0.0
191,8,1.0
191,13,1.0
191,14,1.0
191,5,1.0
191,1,1.0
191,11,1.0
191,7,1.0
191,2,1.0
191,18,0.0
191,17,1.0
191,3,1.0
191,19,1.0
191,9,1.0
192,17,1.0
192,8,1.0
192,16,1.0
192,11,1.0
192,12,1.0
192,15,1.0
192,9,1.0
192,18,1.0
192,5,1.0
192,19,1.0
192,3,1.0
192,4,1.0
192,2,1.0
192,7,1.0
193,14,1.0
193,9,1.0
193,15,1.0
193,10,1.0
193,16,1.0
193,19,1.0
193,7,1.0
193,3,1.0
193,8,0.0
193,11,1.0
193,4,0.0
193,1,1.0
193,18,1.0
193,5,1.0
194,5,0.0
194,2,0.0
194,12,1.0
194,14,0.0
194,9,0.0
194,7,0.0
194,1,0.0
194,11,0.0
194,19,0.0
194,6,1.0
194,8,0.0
194,17,1.0
194,16,1.0
194,13,0.0
195,7,0.0
195,1,0.0
195,10,0.0
195,13,0.0
195,19,0.0
195,17,0.0
195,5,1.0
195,20,0.0
195,11,0.0
195,9,1.0
195,4,0.0
195,14,0.0
195,12,0.0
195,16,1.0
196,8,1.0
196,17,1.0
196,7,1.0
196,11,1.0
196,3,1.0
196,14,1.0
196,19,1.0
196,15,1.0
196,12,1.0
196,4,1.0
196,2,1.0
196,9,1.0
196,16,1.0
196,5,1.0
197,7,1.0
197,14,1.0
197,6,1.0
197,8,1.0
197,1,1.0
197,10,1.0
197,4,1.0
197,16,1.0
197,18,1.0
197,19,1.0
197,12,1.0
197,15,0.0
197,11,1.0
197,13,1.0
198,17,1.0
198,14,1.0
198,4,1.0
198,15,1.0
198,16,1.0
198,1,1.0
198,11,1.0
198,19,1.0
198,8,1.0
198,12,1.0
198,7,1.0
198,10,1.0
198,13,1.0
198,6,1.0
199,5,0.0
199,3,1.0
199,2,1.0
199,19,1.0
199,12,1.0
199,13,1.0
199,7,1.0
199,20,1.0
199,4,1.0
199,15,1.0
199,6,1.0
199,8,1.0
199,18,1.0
199,16,1.0
200,3,1.0
200,17,0.0
200,8,0.0
200,2,0.0
200,9,0.0
200,15,1.0
200,16,0.0
200,12,1.0
200,13,0.0
200,19,0.0
200,4,0.0
200,14,0.0
200,10,0.0
200,6,1.0
201,12,1.0
201,1,1.0
201,18,1.0
201,17,1.0
201,6,1.0
201,2,1.0
201,14,1.0
201,20,1.0
201,8,1.0
201,19,1.0
201,16,1.0
201,15,1.0
201,10,1.0
201,11,1.0
202,13,1.0
202,19,1.0
202,14,1.0
202,9,1.0
202,16,1.0
202,3,1.0
202,10,1.0
202,17,1.0
202,4,1.0
202,18,0.0
202,6,1.0
202,5,1.0
202,15,1.0
202,2,1.0
203,7,1.0
203,6,1.0
203,8,1.0
203,20,1.0
203,19,1.0
203,16,1.0
203,14,1.0
203,2,1.0
203,13,0.0
203,18,0.0
203,15,1.0
203,10,1.0
203,12,1.0
203,9,0.0
204,9,1.0
204,1,1.0
204,5,1.0
204,18,1.0
204,7,1.0
204,2,1.0
204,13,1.0
204,11,1.0
204,3,0.0
204,20,1.0
204,14,1.0
204,4,1.0
204,8,1.0
204,10,1.0
205,2,0.0
205,14,1.0
205,12,1.0
205,13,0.0
205,11,1.0
205,3,0.0
205,6,1.0
205,8,1.0
205,18,1.0
205,15,0.0
205,17,1.0
205,5,0.0
205,16,1.0
205,10,0.0
206,8,1.0
206,5,1.0
206,4,0.0
206,3,0.0
206,16,1.0
206,14,1.0
206,2,0.0
206,20,1.0
206,13,0.0
206,1,0.0
206,12,1.0
206,15,1.0
206,19,0.0
206,6,1.0
207,7,0.0
207,5,0.0
207,17,0.0
207,10,0.0
207,4,1.0
207,12,1.0
207,2,1.0
207,18,1.0
207,14,1.0
207,3,1.0
207,15,1.0
207,6,1.0
207,11,1.0
207,9,0.0
208,12,0.0
208,17,0.0
208,9,1.0
208,11,0.0
208,2,1.0
208,18,0.0
208,14,0.0
208,19,0.0
208,13,0.0
208,1,1.0
208,15,0.0
208,4,1.0
208,7,1.0
208,5,1.0
209,9,1.0
209,15,1.0
209,10,1.0
209,7,1.0
209,16,0.0
209,20,1.0
209,2,1.0
209,12,1.0
209,5,1.0
209,19,1.0
209,11,1.0
209,14,1.0
209,18,1.0
209,13,0.0
210,14,1.0
210,7,1.0
210,9,1.0
210,19,1.0
210,13,1.0
210,16,1.0
210,4,1.0
210,2,1.0
210,5,1.0
210,15,1.0
210,6,1.0
210,12,1.0
210,10,1.0
210,8,1.0
211,15,0.0
211,12,0.0
211,20,0.0
211,13,0.0
211,2,0.0
211,1,0.0
211,5,0.0
211,19,0.0
211,4,1.0
211,11,0.0
211,7,0.0
211,6,0.0
211,9,1.0
211,17,0.0
212,9,0.0
212,6,1.0
212,4,1.0
212,3,1.0
212,11,0.0
212,2,1.0
212,16,1.0
212,18,0.0
212,12,1.0
212,17,0.0
212,5,1.0
212,13,0.0
212,19,1.0
212,10,0.0
213,1,1.0
213,20,1.0
213,4,1.0
213,3,1.0
213,11,1.0
213,14,1.0
213,8,1.0
213,16,1.0
213,6,1.0
213,12,1.0
213,10,1.0
213,9,1.0
213,18,1.0
213,15,1.0
214,19,1.0
214,18,1.0
214,9,1.0
214,15,1.0
214,4,1.0
214,3,1.0
214,14,1.0
214,8,1.0
214,17,1.0
214,6,1.0
214,2,1.0
214,7,1.0
214,10,1.0
214,12,1.0
215,19,0.0
215,9,1.0
215,2,1.0
215,12,0.0
215,14,0.0
215,18,0.0
215,7,0.0
215,13,0.0
215,10,0.0
215,4,0.0
215,5,1.0
215,20,0.0
215,17,0.0
215,6,1.0
216,6,1.0
216,20,1.0
216,18,1.0
216,12,1.0
216,16,1.0
216,17,1.0
216,19,1.0
216,8,1.0
216,11,1.0
216,15,1.0
216,7,1.0
216,1,1.0
216,9,1.0
216,14,1.0
217,6,0.0
217,20,0.0
217,9,0.0
217,1,0.0
217,5,0.0
217,18,0.0
217,8,1.0
217,13,0.0
217,4,0.0
217,17,0.0
217,16,0.0
217,19,0.0
217,11,0.0
217,3,0.0
218,13,0.0
218,15,1.0
218,9,1.0
218,8,1.0
218,12,1.0
218,14,1.0
218,2,1.0
218,7,1.0
218,16,1.0
218,19,1.0
218,4,1.0
218,18,1.0
218,17,1.0
218,3,0.0
219,7,1.0
219,19,0.0
219,5,1.0
219,12,1.0
219,9,1.0
219,1,1.0
219,3,1.0
219,15,1.0
219,14,1.0
219,4,0.0
219,20,0.0
219,17,0.0
219,6,0.0
219,13,1.0
220,6,1.0
220,17,1.0
220,11,1.0
220,10,1.0
220,19,1.0
220,14,1.0
220,2,1.0
220,15,0.0
220,9,0.0
220,12,1.0
220,4,1.0
220,1,1.0
220,13,0.0
220,3,0.0
221,7,1.0
221,17,1.0
221,1,0.0
221,10,0.0
221,14,1.0
221,6,1.0
221,15,1.0
221,3,0.0
221,18,1.0
221,4,1.0
221,20,0.0
221,8,1.0
221,16,1.0
221,12,1.0
222,17,1.0
222,8,1.0
222,16,1.0
222,7,1.0
222,10,1.0
222,2,1.0
222,4,0.0
222,20,0.0
222,1,1.0
222,12,1.0
222,19,0.0
222,3,1.0
222,15,1.0
222,6,1.0
223,1,1.0
223,17,1.0
223,16,1.0
223,2,1.0
223,14,1.0
223,18,1.0
223,20,1.0
223,15,1.0
223,5,1.0
223,13,1.0
223,12,1.0
223,8,1.0
223,4,1.0
223,10,1.0
224,6,0.0
224,10,0.0
224,9,1.0
224,8,0.0
224,3,0.0
224,5,0.0
224,4,0.0
224,2,0.0
224,18,0.0
224,15,0.0
224,20,0.0
224,7,0.0
224,17,0.0
224,12,0.0
225,2,1.0
225,19,0.0
225,16,1.0
225,6,1.0
225,8,1.0
225,10,1.0
225,11,1.0
225,9,1.0
225,5,1.0
225,3,1.0
225,12,1.0
225,14,1.0
225,4,1.0
225,1,1.0
226,6,1.0
226,13,0.0
226,15,0.0
226,16,1.0
226,11,1.0
226,9,0.0
226,3,0.0
226,8,1.0
226,1,0.0
226,5,0.0
226,18,0.0
226,20,0.0
226,4,1.0
226,17,0.0
227,1,0.0
227,16,0.0
227,5,0.0
227,12,0.0
227,8,0.0
227,15,0.0
227,9,0.0
227,18,0.0
227,11,0.0
227,13,0.0
227,3,0.0
227,10,0.0
227,6,0.0
227,7,0.0
228,14,0.0
228,5,0.0
228,11,0.0
228,10,0.0
228,15,0.0
228,19,0.0
228,20,0.0
228,13,0.0
228,7,0.0
228,18,1.0
228,9,0.0
228,6,1.0
228,4,0.0
228,16,0.0
229,8,0.0
229,15,1.0
229,5,1.0
229,3,1.0
229,2,1.0
229,11,1.0
229,9,1.0
229,14,1.0
229,7,1.0
229,17,1.0
229,6,1.0
229,4,1.0
229,1,1.0
229,19,1.0
230,8,1.0
230,6,1.0
230,14,1.0
230,16,0.0
230,9,1.0
230,4,0.0
230,18,1.0
230,11,0.0
230,15,0.0
230,10,0.0
230,13,0.0
230,2,1.0
230,12,1.0
230,19,0.0
231,1,0.0
231,9,0.0
231,14,0.0
231,8,0.0
231,15,0.0
231,5,0.0
231,13,0.0
231,18,0.0
231,10,0.0
231,7,0.0
231,2,0.0
231,16,0.0
231,12,0.0
231,11,0.0
232,11,1.0
232,3,1.0
232,20,0.0
232,14,1.0
232,1,1.0
232,10,1.0
232,17,0.0
232,8,1.0
232,19,0.0
232,18,1.0
232,16,1.0
232,7,1.0
232,12,1.0
232,6,1.0
233,19,0.0
233,16,1.0
233,4,0.0
233,12,1.0
233,10,0.0
233,18,0.0
233,8,0.0
233,1,0.0
233,2,0.0
233,15,0.0
233,5,0.0
233,9,1.0
233,3,0.0
233,14,1.0
234,16,1.0
234,3,0.0
234,12,1.0
234,8,1.0
234,10,1.0
234,18,1.0
234,4,1.0
234,19,1.0
234,15,1.0
234,14,1.0
234,7,1.0
234,17,1.0
234,6,1.0
234,2,1.0
235,13,0.0
235,9,1.0
235,8,0.0
235,20,0.0
235,19,0.0
235,1,1.0
235,10,0.0
235,3,0.0
235,4,0.0
235,18,0.0
235,17,0.0
235,2,1.0
235,6,1.0
235,5,0.0
236,3,1.0
236,2,1.0
236,15,0.0
236,1,1.0
236,5,0.0
236,10,1.0
236,11,0.0
236,6,1.0
236,20,0.0
236,13,0.0
236,12,0.0
236,17,0.0
236,14,0.0
236,7,1.0
237,11,0.0
237,15,1.0
237,16,1.0
237,3,1.0
237,4,1.0
237,19,0.0
237,10,0.0
237,6,1.0
237,13,0.0
237,7,1.0
237,5,0.0
237,20,0.0
237,2,1.0
237,12,1.0
238,8,1.0
238,20,1.0
238,17,1.0
238,15,1.0
238,19,1.0
238,12,1.0
238,13,1.0
238,16,1.0
238,14,1.0
238,9,1.0
238,7,1.0
238,6,1.0
238,5,1.0
238,3,0.0
239,19,0.0
239,20,1.0
239,4,1.0
239,2,0.0
239,13,0.0
239,14,1.0
239,3,0.0
239,8,0.0
239,12,1.0
239,9,0.0
239,18,1.0
239,6,0.0
239,7,0.0
239,1,0.0
240,15,0.0
240,17,0.0
240,18,0.0
240,5,0.0
240,20,0.0
240,7,0.0
240,14,0.0
240,2,1.0
240,6,1.0
240,3,0.0
240,9,1.0
240,8,1.0
240,16,0.0
240,19,0.0
241,18,1.0
241,20,1.0
241,6,1.0
241,9,1.0
241,3,1.0
241,16,1.0
241,11,1.0
241,15,1.0
241,13,1.0
241,17,1.0
241,19,0.0
241,5,1.0
241,4,1.0
241,7,0.0
242,12,1.0
242,5,0.0
242,4,0.0
242,9,1.0
242,13,1.0
242,6,1.0
242,18,1.0
242,1,1.0
242,15,0.0
242,3,1.0
242,14,1.0
242,2,1.0
242,11,0.0
242,20,0.0
243,18,1.0
243,5,0.0
243,13,0.0
243,1,1.0
243,12,1.0
243,8,1.0
243,16,1.0
243,17,1.0
243,4,1.0
243,20,1.0
243,3,1.0
243,7,0.0
243,2,1.0
243,15,0.0
244,4,0.0
244,2,0.0
244,8,1.0
244,1,0.0
244,12,1.0
244,16,1.0
244,13,0.0
244,17,0.0
244,7,0.0
244,14,1.0
244,18,0.0
244,20,0.0
244,5,0.0
244,19,0.0
245,10,1.0
245,5,1.0
245,18,1.0
245,20,1.0
245,14,1.0
245,16,1.0
245,11,1.0
245,8,1.0
245,7,1.0
245,2,1.0
245,13,1.0
245,9,0.0
245,19,1.0
245,6,1.0
246,17,0.0
246,12,0.0
246,10,0.0
246,5,0.0
246,13,0.0
246,14,0.0
246,16,0.0
246,6,0.0
246,18,0.0
246,3,0.0
246,8,1.0
246,2,0.0
246,20,0.0
246,1,0.0
247,6,1.0
247,9,1.0
247,13,1.0
247,17,1.0
247,10,0.0
247,15,1.0
247,4,1.0
247,11,1.0
247,16,1.0
247,1,1.0
247,7,0.0
247,18,1.0
247,19,1.0
247,20,1.0
248,3,1.0
248,11,1.0
248,7,1.0
248,9,1.0
248,8,1.0
248,19,0.0
248,2,1.0
248,15,1.0
248,16,1.0
248,13,1.0
248,18,0.0
248,6,1.0
248,5,1.0
248,14,1.0
249,15,0.0
249,4,0.0
249,1,0.0
249,5,0.0
249,13,0.0
249,6,1.0
249,8,1.0
249,18,0.0
249,20,0.0
249,16,0.0
249,17,0.0
249,7,0.0
249,12,0.0
249,11,0.0
250,6,1.0
250,2,0.0
250,11,0.0
250,19,0.0
250,1,0.0
250,5,0.0
250,9,1.0
250,20,0.0
250,18,0.0
250,13,0.0
250,12,0.0
250,3,0.0
250,8,1.0
250,15,0.0
251,5,0.0
251,9,0.0
251,1,0.0
251,6,0.0
251,7,0.0
251,14,0.0
251,11,0.0
251,19,0.0
251,18,0.0
251,8,1.0
251,4,1.0
251,17,0.0
251,15,0.0
251,2,0.0
252,7,0.0
252,4,0.0
252,10,0.0
252,12,1.0
252,20,0.0
252,2,1.0
252,6,1.0
252,11,0.0
252,3,1.0
252,1,1.0
252,18,0.0
252,9,0.0
252,13,0.0
252,5,1.0
253,12,0.0
253,6,0.0
253,1,0.0
253,3,0.0
253,15,1.0
253,19,0.0
253,8,1.0
253,7,0.0
253,10,0.0
253,5,0.0
253,17,0.0
253,16,0.0
253,18,0.0
253,20,0.0
254,12,1.0
254,14,0.0
254,4,1.0
254,10,0.0
254,11,1.0
254,1,1.0
254,6,1.0
254,7,1.0
254,18,1.0
254,17,1.0
254,8,1.0
254,15,1.0
254,13,1.0
254,5,1.0
255,20,0.0
255,2,0.0
255,4,0.0
255,14,1.0
255,8,0.0
255,12,0.0
255,16,1.0
255,1,1.0
255,7,0.0
255,9,1.0
255,15,0.0
255,11,0.0
255,18,1.0
255,19,0.0
256,12,1.0
256,11,1.0
256,10,1.0
256,19,1.0
256,6,1.0
256,16,1.0
256,3,0.0
256,18,1.0
256,5,1.0
256,14,1.0
256,9,1.0
256,7,1.0
256,1,1.0
256,15,0.0
257,9,1.0
257,14,1.0
257,18,1.0
257,16,1.0
257,7,1.0
257,4,1.0
257,13,1.0
257,17,1.0
257,19,1.0
257,5,1.0
257,11,1.0
257,2,1.0
257,6,1.0
257,10,1.0
258,6,1.0
258,5,1.0
258,10,1.0
258,17,1.0
258,2,1.0
258,20,1.0
258,13,1.0
258,3,1.0
258,1,1.0
258,4,1.0
258,11,1.0
258,19,1.0
258,12,0.0
258,8,1.0
259,5,0.0
259,15,0.0
259,3,1.0
259,18,1.0
259,6,1.0
259,8,1.0
259,2,1.0
259,7,0.0
259,4,1.0
259,16,0.0
259,19,0.0
259,12,1.0
259,9,0.0
259,1,1.0
260,11,1.0
260,12,1.0
260,10,1.0
260,5,1.0
260,3,0.0
260,2,0.0
260,13,0.0
260,4,0.0
260,15,1.0
260,6,1.0
260,14,1.0
260,16,1.0
260,7,1.0
260,19,0.0
261,12,0.0
261,9,1.0
261,19,0.0
261,2,0.0
261,16,0.0
261,17,0.0
261,6,1.0
261,1,0.0
261,18,0.0
261,14,1.0
261,10,0.0
261,15,0.0
261,20,0.0
261,8,0.0
262,8,1.0
262,9,1.0
262,17,1.0
262,2,0.0
262,13,1.0
262,15,1.0
262,1,0.0
262,16,1.0
262,18,0.0
262,11,1.0
262,7,1.0
262,5,1.0
262,6,1.0
262,14,1.0
263,9,1.0
263,15,0.0
263,13,0.0
263,3,0.0
263,17,0.0
263,5,0.0
263,18,1.0
263,12,1.0
263,11,0.0
263,1,0.0
263,4,0.0
263,6,1.0
263,20,0.0
263,16,1.0
264,17,0.0
264,19,0.0
264,8,0.0
264,12,1.0
264,5,0.0
264,4,0.0
264,10,0.0
264,16,0.0
264,18,0.0
264,11,0.0
264,7,0.0
264,2,0.0
264,3,0.0
264,6,1.0
265,6,0.0
265,20,0.0
265,15,0.0
265,18,0.0
265,17,1.0
265,8,1.0
265,1,0.0
265,16,1.0
265,5,0.0
265,14,0.0
265,10,0.0
265,3,0.0
265,7,0.0
265,12,0.0
266,3,1.0
266,14,1.0
266,7,1.0
266,2,1.0
266,4,1.0
266,17,1.0
266,11,1.0
266,15,1.0
266,19,0.0
266,18,1.0
266,5,1.0
266,1,1.0
266,6,1.0
266,16,1.0
267,19,1.0
267,14,1.0
267,17,1.0
267,8,1.0
267,20,1.0
267,15,1.0
267,9,1.0
267,18,1.0
267,11,1.0
267,5,1.0
267,16,1.0
267,3,1.0
267,6,1.0
267,12,1.0
268,7,0.0
268,2,1.0
268,5,0.0
268,6,1.0
268,19,0.0
268,12,0.0
268,11,0.0
268,18,0.0
268,3,1.0
268,14,0.0
268,1,1.0
268,13,0.0
268,9,1.0
268,8,1.0
269,15,0.0
269,4,0.0
269,13,1.0
269,20,0.0
269,1,1.0
269,18,1.0
269,8,1.0
269,5,0.0
269,14,1.0
269,11,1.0
269,19,1.0
269,12,1.0
269,10,0.0
269,16,1.0
270,6,1.0
270,1,1.0
270,7,1.0
270,19,1.0
270,11,1.0
270,15,1.0
270,4,1.0
270,13,0.0
270,2,1.0
270,12,0.0
270,8,1.0
270,18,1.0
270,20,1.0
270,14,1.0
271,11,0.0
271,6,1.0
271,15,0.0
271,2,0.0
271,12,0.0
271,1,0.0
271,18,0.0
271,10,0.0
271,13,0.0
271,14,1.0
271,17,0.0
271,3,0.0
271,8,1.0
271,20,0.0
272,19,0.0
272,18,1.0
272,14,1.0
272,12,1.0
272,9,1.0
272,1,1.0
272,15,0.0
272,2,1.0
272,10,1.0
272,17,0.0
272,6,0.0
272,16,1.0
272,3,0.0
272,5,0.0
273,17,1.0
273,2,1.0
273,4,1.0
273,18,1.0
273,16,1.0
273,14,1.0
273,20,0.0
273,7,1.0
273,1,1.0
273,11,1.0
273,12,1.0
273,13,1.0
273,5,1.0
273,9,1.0
274,3,0.0
274,5,1.0
274,14,0.0
274,13,0.0
274,17,0.0
274,19,0.0
274,18,0.0
274,7,0.0
274,6,1.0
274,11,0.0
274,16,0.0
274,1,1.0
274,10,1.0
274,12,0.0
275,9,1.0
275,5,1.0
275,16,1.0
275,19,1.0
275,8,1.0
275,20,1.0
275,13,1.0
275,10,1.0
275,11,1.0
275,15,1.0
275,2,1.0
275,1,1.0
275,7,1.0
275,3,1.0
276,19,0.0
276,16,1.0
276,6,1.0
276,13,0.0
276,12,1.0
276,18,0.0
276,7,1.0
276,11,0.0
276,9,0.0
276,10,0.0
276,3,0.0
276,17,0.0
276,8,0.0
276,1,1.0
277,2,1.0
277,7,0.0
277,14,1.0
277,17,1.0
277,13,1.0
277,20,0.0
277,10,1.0
277,12,1.0
277,15,1.0
277,16,1.0
277,4,1.0
277,11,1.0
277,3,1.0
277,19,0.0
278,6,1.0
278,12,1.0
278,16,1.0
278,1,1.0
278,17,1.0
278,13,1.0
278,7,1.0
278,19,1.0
278,18,1.0
278,3,1.0
278,2,1.0
278,10,1.0
278,9,1.0
278,4,1.0
279,9,1.0
279,8,1.0
279,5,1.0
279,2,1.0
279,7,1.0
279,17,1.0
279,11,1.0
279,3,1.0
279,10,1.0
279,18,1.0
279,4,1.0
279,14,1.0
279,19,1.0
279,15,1.0
280,14,1.0
280,3,1.0
280,1,1.0
280,13,1.0
280,5,1.0
280,4,1.0
280,11,1.0
280,2,1.0
280,6,1.0
280,8,1.0
280,12,1.0
280,9,1.0
280,15,1.0
280,18,1.0
281,6,1.0
281,1,1.0
281,10,1.0
281,19,0.0
281,11,1.0
281,2,1.0
281,3,1.0
281,18,1.0
281,12,1.0
281,16,1.0
281,4,1.0
281,20,1.0
281,7,1.0
281,8,1.0
282,6,1.0
282,12,1.0
282,7,1.0
282,20,1.0
282,2,1.0
282,19,1.0
282,13,1.0
282,14,1.0
282,17,1.0
282,18,1.0
282,10,1.0
282,15,1.0
282,8,1.0
282,3,1.0
283,2,0.0
283,6,1.0
283,18,1.0
283,5,0.0
283,4,1.0
283,3,0.0
283,8,1.0
283,7,1.0
283,14,1.0
283,12,1.0
283,9,1.0
283,17,0.0
283,10,1.0
283,19,1.0
284,15,1.0
284,16,1.0
284,5,1.0
284,13,1.0
284,1,1.0
284,14,1.0
284,8,1.0
284,10,1.0
284,3,1.0
284,6,1.0
284,2,1.0
284,9,1.0
284,19,1.0
284,20,1.0
285,9,1.0
285,5,0.0
285,13,1.0
285,2,1.0
285,19,1.0
285,10,1.0
285,18,0.0
285,11,1.0
285,17,1.0
285,6,0.0
285,15,1.0
285,14,1.0
285,8,1.0
285,3,1.0
286,13,0.0
286,16,0.0
286,10,0.0
286,2,0.0
286,4,1.0
286,19,0.0
286,12,0.0
286,17,0.0
286,20,0.0
286,8,1.0
286,11,0.0
286,14,0.0
286,18,0.0
286,6,0.0
287,4,1.0
287,9,0.0
287,5,1.0
287,7,1.0
287,18,1.0
287,3,1.0
287,19,1.0
287,6,1.0
287,17,1.0
287,2,1.0
287,15,1.0
287,20,0.0
287,1,0.0
287,11,1.0
288,11,1.0
288,6,1.0
288,4,1.0
288,7,1.0
288,9,1.0
288,13,1.0
288,14,1.0
288,17,1.0
288,10,1.0
288,16,1.0
288,1,1.0
288,18,1.0
288,8,1.0
288,3,0.0
289,1,1.0
289,6,1.0
289,4,1.0
289,5,1.0
289,2,1.0
289,11,1.0
289,8,1.0
289,13,1.0
289,19,0.0
289,7,0.0
289,16,1.0
289,12,1.0
289,3,0.0
289,20,1.0
290,20,1.0
290,5,0.0
290,14,1.0
290,17,1.0
290,18,1.0
290,9,1.0
290,1,1.0
290,4,1.0
290,16,1.0
290,8,1.0
290,3,1.0
290,7,0.0
290,19,1.0
290,6,1.0
291,17,0.0
291,10,0.0
291,8,0.0
291,15,0.0
291,11,0.0
291,4,0.0
291,12,0.0
291,13,0.0
291,14,0.0
291,1,0.0
291,18,0.0
291,7,0.0
291,3,0.0
291,20,0.0
292,12,0.0
292,2,1.0
292,16,1.0
292,5,1.0
292,17,0.0
292,9,0.0
292,10,0.0
292,8,0.0
292,3,1.0
292,14,1.0
292,11,0.0
292,6,1.0
292,19,0.0
292,7,0.0
293,17,1.0
293,6,1.0
293,18,0.0
293,7,1.0
293,16,1.0
293,8,0.0
293,14,1.0
293,1,0.0
293,3,0.0
293,20,0.0
293,12,1.0
293,19,0.0
293,5,1.0
293,10,0.0
294,16,1.0
294,6,1.0
294,14,1.0
294,13,0.0
294,10,0.0
294,19,0.0
294,11,0.0
294,7,0.0
294,18,0.0
294,9,1.0
294,15,0.0
294,8,0.0
294,4,0.0
294,2,0.0
295,14,1.0
295,11,1.0
295,12,1.0
295,13,1.0
295,19,1.0
295,1,1.0
295,10,1.0
295,2,1.0
295,3,1.0
295,7,0.0
295,17,1.0
295,9,1.0
295,5,1.0
295,4,1.0
296,3,0.0
296,15,0.0
296,7,0.0
296,11,0.0
296,10,0.0
296,14,0.0
296,13,0.0
296,9,0.0
296,2,0.0
296,5,0.0
296,8,1.0
296,1,0.0
296,6,1.0
296,4,1.0
297,17,0.0
297,12,0.0
297,2,0.0
297,16,0.0
297,10,1.0
297,8,1.0
297,19,0.0
297,20,0.0
297,9,0.0
297,11,0.0
297,18,0.0
297,1,0.0
297,14,0.0
297,15,0.0
298,10,0.0
298,4,0.0
298,9,1.0
298,1,0.0
298,15,1.0
298,14,1.0
298,6,1.0
298,7,1.0
298,17,1.0
298,18,1.0
298,11,1.0
298,3,0.0
298,5,0.0
298,13,0.0
299,18,0.0
299,13,0.0
299,4,1.0
299,15,0.0
299,14,0.0
299,1,0.0
299,2,1.0
299,20,0.0
299,9,0.0
299,11,0.0
299,17,0.0
299,10,0.0
299,3,0.0
299,7,0.0
300,5,1.0
300,10,1.0
300,3,1.0
300,16,1.0
300,19,1.0
300,15,1.0
300,4,1.0
300,12,0.0
300,1,1.0
300,9,1.0
300,20,1.0
300,8,1.0
300,13,0.0
300,2,1.0
301,11,1.0
301,12,1.0
301,5,1.0
301,7,1.0
301,10,1.0
301,14,1.0
301,6,1.0
301,15,1.0
301,13,0.0
301,2,1.0
301,1,1.0
301,20,1.0
301,9,1.0
301,18,1.0
302,15,0.0
302,4,1.0
302,7,1.0
302,3,1.0
302,2,1.0
302,18,1.0
302,1,1.0
302,8,1.0
302,5,1.0
302,16,1.0
302,17,1.0
302,14,1.0
302,12,1.0
302,9,1.0
303,5,0.0
303,4,1.0
303,6,1.0
303,7,1.0
303,2,1.0
303,20,0.0
303,10,0.0
303,8,1.0
303,9,1.0
303,18,1.0
303,16,1.0
303,3,1.0
303,19,0.0
303,13,1.0
304,11,0.0
304,19,0.0
304,1,1.0
304,12,0.0
304,18,0.0
304,6,1.0
304,14,0.0
304,10,0.0
304,8,1.0
304,2,1.0
304,16,0.0
304,7,1.0
304,17,0.0
304,5,1.0
305,1,1.0
305,19,1.0
305,10,1.0
305,13,1.0
305,17,1.0
305,11,1.0
305,7,1.0
305,20,1.0
305,8,1.0
305,4,1.0
305,9,0.0
305,15,1.0
305,18,0.0
305,2,1.0
306,4,0.0
306,3,1.0
306,9,1.0
306,14,1.0
306,17,1.0
306,15,1.0
306,13,1.0
306,2,1.0
306,6,1.0
306,5,1.0
306,11,0.0
306,19,0.0
306,12,1.0
306,18,0.0
307,16,0.0
307,8,0.0
307,7,0.0
307,3,0.0
307,13,0.0
307,14,1.0
307,20,0.0
307,19,0.0
307,9,0.0
307,10,0.0
307,2,1.0
307,17,0.0
307,5,1.0
307,15,0.0
308,3,0.0
308,14,1.0
308,9,1.0
308,20,0.0
308,6,1.0
308,12,1.0
308,2,0.0
308,11,0.0
308,18,1.0
308,4,0.0
308,19,0.0
308,7,0.0
308,5,0.0
308,17,0.0
309,18,0.0
309,17,0.0
309,8,1.0
309,1,0.0
309,3,0.0
309,11,0.0
309,19,0.0
309,14,0.0
309,12,0.0
309,4,0.0
309,13,0.0
309,15,0.0
309,20,0.0
309,16,0.0
310,11,0.0
310,19,0.0
310,18,1.0
310,16,0.0
310,1,0.0
310,13,0.0
310,5,0.0
310,6,1.0
310,9,1.0
310,20,0.0
310,15,0.0
310,17,0.0
310,10,0.0
310,12,1.0
311,19,0.0
311,5,1.0
311,11,0.0
311,6,1.0
311,8,1.0
311,2,1.0
311,12,1.0
311,10,0.0
311,14,1.0
311,15,1.0
311,9,1.0
311,7,1.0
311,1,1.0
311,18,0.0
312,10,0.0
312,4,0.0
312,7,0.0
312,13,0.0
312,5,1.0
312,9,1.0
312,19,0.0
312,8,0.0
312,20,0.0
312,16,0.0
312,12,0.0
312,2,0.0
312,18,0.0
312,6,0.0
313,3,1.0
313,12,1.0
313,8,1.0
313,5,0.0
313,1,1.0
313,2,1.0
313,20,0.0
313,15,1.0
313,7,0.0
313,9,1.0
313,18,1.0
313,11,1.0
313,6,1.0
313,17,1.0
314,15,0.0
314,14,1.0
314,3,0.0
314,16,1.0
314,11,0.0
314,19,0.0
314,9,1.0
314,2,1.0
314,1,0.0
314,20,0.0
314,6,0.0
314,5,1.0
314,18,0.0
314,12,1.0
315,4,1.0
315,19,1.0
315,18,1.0
315,13,0.0
315,5,0.0
315,9,1.0
315,16,1.0
315,8,1.0
315,10,1.0
315,15,1.0
315,2,1.0
315,12,1.0
315,11,0.0
315,7,1.0
316,8,1.0
316,3,1.0
316,10,0.0
316,6,1.0
316,16,0.0
316,19,0.0
316,20,0.0
316,4,0.0
316,9,1.0
316,13,0.0
316,12,1.0
316,11,0.0
316,7,0.0
316,2,1.0
317,1,0.0
317,12,1.0
317,17,1.0
317,5,0.0
317,4,0.0
317,16,1.0
317,6,1.0
317,15,0.0
317,19,0.0
317,10,0.0
317,14,1.0
317,2,0.0
317,18,0.0
317,13,0.0
318,18,1.0
318,8,1.0
318,12,1.0
318,9,0.0
318,11,0.0
318,14,1.0
318,17,1.0
318,7,1.0
318,15,1.0
318,20,0.0
318,6,1.0
318,16,1.0
318,2,1.0
318,10,0.0
319,7,1.0
319,11,1.0
319,8,1.0
319,12,1.0
319,19,1.0
319,20,1.0
319,2,1.0
319,1,1.0
319,18,1.0
319,14,1.0
319,17,1.0
319,6,1.0
319,15,1.0
319,4,1.0
320,14,1.0
320,10,0.0
320,18,0.0
320,8,0.0
320,17,0.0
320,9,1.0
320,3,0.0
320,19,0.0
320,12,1.0
320,5,1.0
320,20,0.0
320,2,0.0
320,6,1.0
320,4,0.0
321,20,0.0
321,15,0.0
321,18,0.0
321,11,0.0
321,1,1.0
321,12,1.0
321,3,1.0
321,14,0.0
321,5,1.0
321,9,0.0
321,8,1.0
321,17,0.0
321,4,0.0
321,7,0.0
322,5,1.0
322,18,1.0
322,20,1.0
322,3,1.0
322,4,1.0
322,8,1.0
322,19,1.0
322,17,1.0
322,10,0.0
322,14,1.0
322,15,1.0
322,11,1.0
322,9,1.0
322,16,1.0
323,19,1.0
323,17,1.0
323,10,1.0
323,18,1.0
323,11,1.0
323,15,1.0
323,8,1.0
323,2,1.0
323,4,1.0
323,16,1.0
323,1,1.0
323,3,1.0
323,5,1.0
323,12,1.0
324,12,1.0
324,18,1.0
324,4,1.0
324,13,1.0
324,7,0.0
324,11,1.0
324,9,0.0
324,20,1.0
324,5,0.0
324,2,1.0
324,17,1.0
324,14,1.0
324,16,1.0
324,6,1.0
325,6,1.0
325,3,1.0
325,5,1.0
325,14,1.0
325,10,1.0
325,13,1.0
325,16,1.0
325,15,1.0
325,20,1.0
325,1,1.0
325,19,0.0
325,17,1.0
325,7,0.0
325,12,1.0
326,6,1.0
326,16,1.0
326,5,0.0
326,3,0.0
326,10,0.0
326,4,0.0
326,2,0.0
326,19,0.0
326,1,0.0
326,11,0.0
326,8,0.0
326,14,1.0
326,12,1.0
326,18,1.0
327,3,0.0
327,1,0.0
327,2,0.0
327,16,0.0
327,14,0.0
327,11,0.0
327,18,0.0
327,8,1.0
327,5,0.0
327,9,0.0
327,6,0.0
327,17,0.0
327,19,0.0
327,7,0.0
328,18,1.0
328,20,1.0
328,11,1.0
328,10,0.0
328,7,0.0
328,5,1.0
328,13,0.0
328,2,1.0
328,8,1.0
328,12,1.0
328,1,1.0
328,16,0.0
328,6,1.0
328,19,0.0
329,10,0.0
329,7,0.0
329,15,1.0
329,20,0.0
329,8,0.0
329,2,1.0
329,13,0.0
329,14,1.0
329,5,1.0
329,16,0.0
329,4,0.0
329,1,1.0
329,19,0.0
329,18,1.0
330,15,0.0
330,11,0.0
330,13,0.0
330,3,1.0
330,12,1.0
330,7,0.0
330,18,0.0
330,8,1.0
330,20,0.0
330,16,0.0
330,2,0.0
330,1,1.0
330,14,1.0
330,5,1.0
331,4,0.0
331,19,0.0
331,7,0.0
331,8,1.0
331,12,1.0
331,2,1.0
331,15,0.0
331,6,1.0
331,14,1.0
331,5,1.0
331,11,0.0
331,13,0.0
331,18,1.0
331,16,1.0
332,6,1.0
332,10,0.0
332,8,1.0
332,4,0.0
332,9,0.0
332,2,1.0
332,18,1.0
332,20,0.0
332,13,0.0
332,5,0.0
332,1,1.0
332,3,1.0
332,7,1.0
332,16,0.0
333,9,1.0
333,12,1.0
333,10,0.0
333,17,0.0
333,16,1.0
333,5,0.0
333,8,1.0
333,1,0.0
333,11,0.0
333,4,0.0
333,15,0.0
333,2,0.0
333,20,0.0
333,6,1.0
334,6,0.0
334,16,0.0
334,12,0.0
334,7,0.0
334,2,0.0
334,10,0.0
334,17,0.0
334,11,0.0
334,1,0.0
334,18,0.0
334,20,0.0
334,13,0.0
334,5,0.0
334,15,0.0
335,3,1.0
335,6,1.0
335,2,1.0
335,18,1.0
335,13,0.0
335,19,1.0
335,20,1.0
335,7,0.0
335,17,1.0
335,5,1.0
335,1,1.0
335,12,1.0
335,11,1.0
335,8,1.0
336,17,1.0
336,13,0.0
336,19,0.0
336,9,1.0
336,8,1.0
336,2,1.0
336,15,0.0
336,20,0.0
336,10,0.0
336,3,1.0
336,6,1.0
336,5,0.0
336,18,1.0
336,12,0.0
337,2,0.0
337,12,0.0
337,6,1.0
337,19,0.0
337,3,0.0
337,16,0.0
337,13,0.0
337,4,0.0
337,7,0.0
337,14,1.0
337,20,0.0
337,15,0.0
337,1,0.0
337,8,1.0
338,11,0.0
338,6,1.0
338,14,1.0
338,15,0.0
338,12,1.0
338,20,0.0
338,17,0.0
338,13,0.0
338,9,1.0
338,10,0.0
338,4,0.0
338,19,0.0
338,2,0.0
338,3,0.0
339,6,1.0
339,18,1.0
339,13,0.0
339,3,1.0
339,2,1.0
339,14,1.0
339,9,0.0
339,19,0.0
339,4,1.0
339,20,0.0
339,1,1.0
339,5,0.0
339,17,0.0
339,12,1.0
340,8,1.0
340,20,1.0
340,10,1.0
340,18,1.0
340,14,1.0
340,1,1.0
340,11,1.0
340,6,1.0
340,15,1.0
340,17,1.0
340,3,1.0
340,4,1.0
340,9,1.0
340,19,1.0
341,11,1.0
341,16,1.0
341,6,1.0
341,10,1.0
341,20,1.0
341,5,1.0
341,18,1.0
341,8,1.0
341,14,1.0
341,12,1.0
341,2,1.0
341,19,1.0
341,3,1.0
341,15,1.0
342,15,0.0
342,6,0.0
342,4,0.0
342,8,0.0
342,16,0.0
342,2,0.0
342,14,0.0
342,17,0.0
342,7,0.0
342,3,0.0
342,1,0.0
342,11,0.0
342,12,0.0
342,13,0.0
343,18,0.0
343,10,0.0
343,1,0.0
343,17,0.0
343,6,0.0
343,15,0.0
343,9,1.0
343,11,0.0
343,8,1.0
343,5,1.0
343,2,0.0
343,12,0.0
343,3,0.0
343,19,0.0
344,20,1.0
344,3,0.0
344,1,1.0
344,9,0.0
344,12,1.0
344,19,1.0
344,14,1.0
344,18,1.0
344,10,1.0
344,4,1.0
344,7,1.0
344,2,1.0
344,6,1.0
344,13,0.0
345,10,0.0
345,18,0.0
345,6,0.0
345,1,0.0
345,9,1.0
345,2,0.0
345,7,0.0
345,19,0.0
345,20,0.0
345,13,0.0
345,17,0.0
345,8,1.0
345,16,0.0
345,5,1.0
346,3,1.0
346,19,1.0
346,8,1.0
346,1,1.0
346,20,1.0
346,10,0.0
346,9,1.0
346,15,1.0
346,14,1.0
346,4,1.0
346,16,1.0
346,2,1.0
346,7,1.0
346,13,0.0
347,15,0.0
347,18,0.0
347,14,0.0
347,9,0.0
347,1,0.0
347,5,1.0
347,7,1.0
347,11,1.0
347,2,1.0
347,20,0.0
347,12,0.0
347,17,0.0
347,10,0.0
347,3,1.0
348,9,0.0
348,3,1.0
348,19,0.0
348,18,1.0
348,1,1.0
348,14,1.0
348,8,1.0
348,11,0.0
348,10,0.0
348,4,0.0
348,12,0.0
348,5,1.0
348,7,1.0
348,2,1.0
349,2,0.0
349,9,0.0
349,8,1.0
349,10,0.0
349,15,0.0
349,18,0.0
349,1,1.0
349,5,0.0
349,19,0.0
349,4,1.0
349,7,0.0
349,13,0.0
349,3,1.0
349,11,0.0
350,4,1.0
350,19,1.0
350,6,1.0
350,10,0.0
350,20,0.0
350,11,1.0
350,2,1.0
350,16,1.0
350,14,1.0
350,17,1.0
350,15,1.0
350,13,0.0
350,7,1.0
350,8,1.0
351,15,1.0
351,2,1.0
351,8,1.0
351,7,1.0
351,16,1.0
351,12,1.0
351,6,1.0
351,10,1.0
351,14,1.0
351,11,1.0
351,1,1.0
351,20,1.0
351,9,1.0
351,19,1.0
352,2,0.0
352,19,0.0
352,3,0.0
352,5,0.0
352,15,0.0
352,17,0.0
352,4,0.0
352,10,0.0
352,6,1.0
352,18,0.0
352,16,1.0
352,8,1.0
352,1,0.0
352,13,0.0
353,11,0.0
353,8,1.0
353,17,0.0
353,7,0.0
353,10,0.0
353,2,0.0
353,20,0.0
353,13,0.0
353,4,0.0
353,1,0.0
353,15,0.0
353,5,1.0
353,3,0.0
353,9,1.0
354,7,1.0
354,16,1.0
354,20,1.0
354,12,1.0
354,18,1.0
354,6,1.0
354,17,1.0
354,13,0.0
354,8,1.0
354,10,1.0
354,14,1.0
354,1,1.0
354,2,1.0
354,11,1.0
355,10,0.0
355,5,0.0
355,13,0.0
355,3,1.0
355,17,0.0
355,12,1.0
355,20,0.0
355,9,0.0
355,1,1.0
355,2,1.0
355,19,0.0
355,7,0.0
355,16,1.0
355,11,0.0
356,2,1.0
356,18,0.0
356,1,1.0
356,16,1.0
356,4,1.0
356,3,1.0
356,11,1.0
356,17,1.0
356,14,1.0
356,20,1.0
356,13,0.0
356,15,1.0
356,5,1.0
356,9,1.0
357,10,0.0
357,17,0.0
357,1,1.0
357,4,0.0
357,2,1.0
357,12,1.0
357,3,0.0
357,20,0.0
357,5,1.0
357,11,0.0
357,15,0.0
357,13,0.0
357,16,0.0
357,8,1.0
358,15,1.0
358,16,1.0
358,20,1.0
358,19,1.0
358,14,1.0
358,11,1.0
358,7,1.0
358,2,1.0
358,5,1.0
358,9,1.0
358,18,1.0
358,6,1.0
358,10,1.0
358,17,1.0
359,17,1.0
359,11,1.0
359,15,1.0
359,4,1.0
359,19,1.0
359,20,1.0
359,14,1.0
359,5,1.0
359,6,1.0
359,10,0.0
359,18,0.0
359,9,1.0
359,8,1.0
359,16,1.0
360,6,1.0
360,8,1.0
360,7,1.0
360,16,1.0
360,5,1.0
360,11,0.0
360,15,0.0
360,19,0.0
360,18,1.0
360,3,1.0
360,12,1.0
360,13,0.0
360,2,1.0
360,4,0.0
361,5,1.0
361,15,1.0
361,11,1.0
361,1,0.0
361,4,1.0
361,13,1.0
361,10,1.0
361,18,0.0
361,14,1.0
361,17,1.0
361,9,1.0
361,3,1.0
361,7,1.0
361,20,0.0
362,18,0.0
362,10,1.0
362,5,1.0
362,7,0.0
362,17,0.0
362,16,1.0
362,3,1.0
362,19,1.0
362,8,1.0
362,20,0.0
362,14,1.0
362,4,1.0
362,15,1.0
362,12,1.0
363,16,1.0
363,10,0.0
363,12,1.0
363,11,1.0
363,1,1.0
363,4,1.0
363,9,1.0
363,18,1.0
363,13,1.0
363,15,1.0
363,17,1.0
363,3,1.0
363,2,1.0
363,14,1.0
364,15,0.0
364,7,0.0
364,12,1.0
364,6,1.0
364,1,0.0
364,8,1.0
364,17,0.0
364,9,1.0
364,4,0.0
364,3,0.0
364,13,0.0
364,10,0.0
364,2,0.0
364,16,1.0
365,6,1.0
365,20,1.0
365,11,1.0
365,7,1.0
365,18,1.0
365,15,1.0
365,12,1.0
365,10,0.0
365,13,0.0
365,8,1.0
365,5,0.0
365,2,1.0
365,14,1.0
365,19,1.0
366,5,1.0
366,4,0.0
366,17,1.0
366,7,0.0
366,13,0.0
366,18,1.0
366,20,0.0
366,16,1.0
366,6,1.0
366,3,1.0
366,14,1.0
366,19,0.0
366,11,0.0
366,2,1.0
367,6,1.0
367,17,0.0
367,20,0.0
367,12,1.0
367,9,1.0
367,11,0.0
367,14,1.0
367,15,0.0
367,18,0.0
367,4,0.0
367,8,0.0
367,19,0.0
367,1,0.0
367,10,0.0
368,11,1.0
368,14,1.0
368,2,1.0
368,17,1.0
368,6,1.0
368,18,0.0
368,3,1.0
368,15,1.0
368,8,1.0
368,7,1.0
368,5,1.0
368,1,1.0
368,16,1.0
368,20,0.0
369,3,1.0
369,1,1.0
369,13,1.0
369,2,1.0
369,15,1.0
369,17,1.0
369,11,1.0
369,8,1.0
369,4,1.0
369,18,1.0
369,12,1.0
369,7,1.0
369,20,0.0
369,9,1.0
370,7,1.0
370,15,1.0
370,6,1.0
370,8,1.0
370,18,1.0
370,1,1.0
370,17,1.0
370,4,1.0
370,11,1.0
370,20,1.0
370,5,1.0
370,19,1.0
370,9,1.0
370,3,1.0
371,8,1.0
371,5,0.0
371,13,0.0
371,14,0.0
371,2,0.0
371,11,0.0
371,6,1.0
371,1,1.0
371,4,0.0
371,19,0.0
371,15,0.0
371,3,1.0
371,7,0.0
371,20,0.0
372,12,1.0
372,7,0.0
372,9,1.0
372,3,0.0
372,5,1.0
372,20,0.0
372,13,0.0
372,14,1.0
372,17,0.0
372,1,0.0
372,11,0.0
372,4,0.0
372,2,0.0
372,6,1.0
373,5,0.0
373,9,1.0
373,12,0.0
373,8,1.0
373,18,1.0
373,16,1.0
373,2,1.0
373,20,0.0
373,19,0.0
373,10,0.0
373,7,0.0
373,11,0.0
373,17,0.0
373,4,0.0
374,5,1.0
374,6,1.0
374,17,1.0
374,16,1.0
374,4,1.0
374,7,0.0
374,20,1.0
374,12,1.0
374,9,1.0
374,1,1.0
374,14,1.0
374,18,0.0
374,10,1.0
374,8,1.0
375,4,0.0
375,13,0.0
375,19,0.0
375,2,1.0
375,7,1.0
375,1,1.0
375,6,1.0
375,18,1.0
375,17,1.0
375,8,1.0
375,3,1.0
375,16,1.0
375,14,1.0
375,11,1.0
376,14,1.0
376,13,1.0
376,2,1.0
376,4,1.0
376,17,1.0
376,3,1.0
376,7,0.0
376,19,0.0
376,15,1.0
376,11,0.0
376,18,1.0
376,9,1.0
376,16,1.0
376,8,1.0
377,18,0.0
377,19,0.0
377,9,1.0
377,1,0.0
377,12,1.0
377,15,0.0
377,8,0.0
377,11,0.0
377,4,0.0
377,6,1.0
377,5,1.0
377,7,0.0
377,14,1.0
377,2,0.0
378,7,0.0
378,12,1.0
378,19,0.0
378,2,1.0
378,18,1.0
378,9,1.0
378,15,0.0
378,17,0.0
378,5,1.0
378,1,1.0
378,11,1.0
378,8,0.0
378,3,1.0
378,4,0.0
379,2,1.0
379,20,0.0
379,4,0.0
379,7,0.0
379,10,0.0
379,16,1.0
379,3,1.0
379,15,1.0
379,1,1.0
379,11,0.0
379,9,1.0
379,6,1.0
379,13,0.0
379,5,1.0
380,20,0.0
380,2,0.0
380,6,1.0
380,8,1.0
380,5,0.0
380,11,0.0
380,15,0.0
380,12,0.0
380,19,0.0
380,7,0.0
380,10,0.0
380,17,0.0
380,13,0.0
380,14,1.0
381,8,0.0
381,3,1.0
381,9,0.0
381,11,0.0
381,12,1.0
381,1,1.0
381,16,1.0
381,7,0.0
381,18,0.0
381,14,1.0
381,17,0.0
381,2,1.0
381,13,0.0
381,5,0.0
382,9,1.0
382,3,1.0
382,6,1.0
382,13,0.0
382,10,0.0
382,19,0.0
382,14,1.0
382,2,1.0
382,12,1.0
382,17,0.0
382,8,1.0
382,11,0.0
382,16,1.0
382,5,1.0
383,8,1.0
383,18,1.0
383,6,1.0
383,14,1.0
383,12,1.0
383,4,1.0
383,13,0.0
383,2,1.0
383,20,1.0
383,11,1.0
383,5,1.0
383,7,1.0
383,1,1.0
383,15,1.0
384,3,1.0
384,11,0.0
384,14,1.0
384,9,1.0
384,10,1.0
384,12,1.0
384,13,1.0
384,17,1.0
384,19,0.0
384,8,1.0
384,7,1.0
384,18,1.0
384,6,1.0
384,15,1.0
385,13,1.0
385,5,1.0
385,15,1.0
385,2,1.0
385,20,1.0
385,1,1.0
385,6,1.0
385,12,1.0
385,4,1.0
385,9,0.0
385,17,1.0
385,7,0.0
385,10,0.0
385,18,1.0
386,3,1.0
386,17,0.0
386,10,1.0
386,11,0.0
386,7,0.0
386,16,1.0
386,20,0.0
386,1,1.0
386,9,1.0
386,13,0.0
386,2,1.0
386,5,1.0
386,15,0.0
386,12,1.0
387,8,0.0
387,17,0.0
387,10,0.0
387,5,1.0
387,15,0.0
387,19,0.0
387,18,0.0
387,9,1.0
387,14,1.0
387,16,1.0
387,13,0.0
387,6,1.0
387,12,1.0
387,4,0.0
388,4,0.0
388,8,1.0
388,16,1.0
388,5,1.0
388,18,0.0
388,3,1.0
388,20,0.0
388,13,0.0
388,11,0.0
388,6,1.0
388,7,0.0
388,10,0.0
388,19,0.0
388,17,0.0
389,9,1.0
389,1,1.0
389,20,1.0
389,6,1.0
389,3,1.0
389,16,1.0
389,17,1.0
389,10,1.0
389,4,1.0
389,18,1.0
389,12,1.0
389,5,1.0
389,14,1.0
389,19,1.0
390,14,1.0
390,15,0.0
390,17,0.0
390,9,1.0
390,19,0.0
390,16,1.0
390,18,1.0
390,13,0.0
390,6,1.0
390,3,0.0
390,2,0.0
390,10,0.0
390,8,1.0
390,20,0.0
391,7,0.0
391,15,0.0
391,20,0.0
391,8,1.0
391,13,0.0
391,11,0.0
391,4,0.0
391,16,1.0
391,1,0.0
391,3,1.0
391,12,1.0
391,14,1.0
391,2,1.0
391,19,0.0
392,10,0.0
392,14,1.0
392,1,0.0
392,12,1.0
392,7,0.0
392,2,0.0
392,6,1.0
392,8,0.0
392,17,0.0
392,3,0.0
392,19,0.0
392,5,0.0
392,18,0.0
392,11,0.0
393,10,0.0
393,7,0.0
393,11,0.0
393,12,1.0
393,5,1.0
393,19,0.0
393,4,0.0
393,6,1.0
393,18,0.0
393,20,0.0
393,3,0.0
393,15,0.0
393,1,0.0
393,17,0.0
394,7,1.0
394,15,1.0
394,4,1.0
394,20,1.0
394,12,1.0
394,3,1.0
394,11,1.0
394,14,1.0
394,17,1.0
394,16,1.0
394,8,1.0
394,6,1.0
394,18,1.0
394,5,1.0
395,5,1.0
395,11,0.0
395,18,0.0
395,9,1.0
395,8,1.0
395,4,0.0
395,10,0.0
395,6,0.0
395,16,0.0
395,14,0.0
395,19,0.0
395,12,0.0
395,13,0.0
395,2,0.0
396,8,1.0
396,20,1.0
396,4,1.0
396,2,1.0
396,3,1.0
396,7,1.0
396,17,1.0
396,12,1.0
396,14,1.0
396,10,1.0
396,6,1.0
396,11,1.0
396,13,1.0
396,9,1.0
397,14,0.0
397,17,0.0
397,18,0.0
397,10,0.0
397,7,0.0
397,9,1.0
397,3,0.0
397,16,0.0
397,6,0.0
397,4,0.0
397,2,0.0
397,19,0.0
397,8,1.0
397,11,0.0
398,2,1.0
398,20,0.0
398,12,1.0
398,3,1.0
398,10,0.0
398,14,1.0
398,1,1.0
398,8,1.0
398,4,0.0
398,9,1.0
398,6,1.0
398,5,1.0
398,18,0.0
398,19,0.0
399,15,0.0
399,1,0.0
399,3,0.0
399,10,0.0
399,2,0.0
399,20,0.0
399,19,0.0
399,7,0.0
399,8,1.0
399,16,0.0
399,9,0.0
399,4,0.0
399,5,0.0
399,17,0.0
400,4,1.0
400,15,1.0
400,16,1.0
400,12,1.0
400,2,1.0
400,11,1.0
400,13,1.0
400,14,1.0
400,7,1.0
400,8,1.0
400,17,1.0
400,20,1.0
400,6,1.0
400,19,1.0
401,18,0.0
401,2,1.0
401,4,0.0
401,14,1.0
401,16,1.0
401,11,0.0
401,17,0.0
401,5,0.0
401,15,1.0
401,7,1.0
401,12,0.0
401,9,0.0
401,10,0.0
401,6,1.0
402,16,1.0
402,18,1.0
402,6,1.0
402,15,0.0
402,5,1.0
402,14,1.0
402,12,0.0
402,17,0.0
402,19,0.0
402,10,1.0
402,1,1.0
402,4,1.0
402,9,1.0
402,13,1.0
403,8,1.0
403,17,1.0
403,11,1.0
403,2,1.0
403,7,1.0
403,20,1.0
403,9,0.0
403,18,1.0
403,15,0.0
403,1,1.0
403,3,1.0
403,16,1.0
403,14,1.0
403,12,1.0
404,3,0.0
404,19,0.0
404,16,1.0
404,13,0.0
404,4,1.0
404,17,0.0
404,10,0.0
404,2,0.0
404,5,0.0
404,1,0.0
404,8,1.0
404,12,1.0
404,6,1.0
404,20,0.0
405,5,1.0
405,7,0.0
405,20,1.0
405,16,1.0
405,8,1.0
405,12,1.0
405,4,1.0
405,2,1.0
405,19,0.0
405,10,1.0
405,9,1.0
405,15,0.0
405,6,1.0
405,13,1.0
406,1,0.0
406,10,0.0
406,8,1.0
406,6,0.0
406,15,0.0
406,11,0.0
406,13,0.0
406,3,0.0
406,5,0.0
406,7,0.0
406,14,0.0
406,20,0.0
406,4,1.0
406,12,0.0
407,19,0.0
407,15,1.0
407,4,0.0
407,10,0.0
407,16,1.0
407,7,0.0
407,8,1.0
407,5,0.0
407,13,0.0
407,18,0.0
407,20,0.0
407,17,0.0
407,6,1.0
407,9,1.0
408,8,1.0
408,14,0.0
408,2,0.0
408,6,0.0
408,17,0.0
408,1,0.0
408,10,0.0
408,9,0.0
408,7,0.0
408,18,0.0
408,16,0.0
408,4,1.0
408,13,0.0
408,19,0.0
409,9,0.0
409,8,1.0
409,13,1.0
409,17,1.0
409,11,1.0
409,10,0.0
409,4,1.0
409,14,1.0
409,19,1.0
409,3,1.0
409,1,1.0
409,5,1.0
409,20,0.0
409,6,1.0
410,16,1.0
410,17,1.0
410,3,1.0
410,6,1.0
410,14,1.0
410,20,1.0
410,15,1.0
410,10,1.0
410,7,1.0
410,18,1.0
410,19,1.0
410,11,0.0
410,8,1.0
410,12,1.0
411,1,1.0
411,15,0.0
411,5,1.0
411,11,0.0
411,7,0.0
411,20,0.0
411,2,0.0
411,18,0.0
411,13,0.0
411,12,1.0
411,14,1.0
411,16,1.0
411,8,0.0
411,17,0.0
412,10,0.0
412,17,0.0
412,14,1.0
412,6,1.0
412,9,1.0
412,12,1.0
412,5,0.0
412,18,0.0
412,8,1.0
412,11,0.0
412,2,0.0
412,16,1.0
412,4,0.0
412,19,0.0
413,16,1.0
413,2,1.0
413,20,1.0
413,8,1.0
413,6,1.0
413,11,1.0
413,12,1.0
413,10,1.0
413,17,1.0
413,19,1.0
413,7,1.0
413,18,1.0
413,3,1.0
413,1,1.0
414,20,0.0
414,1,0.0
414,3,0.0
414,4,0.0
414,18,0.0
414,14,1.0
414,8,0.0
414,13,0.0
414,7,0.0
414,6,0.0
414,10,0.0
414,15,0.0
414,16,1.0
414,5,0.0
415,7,0.0
415,14,0.0
415,6,0.0
415,18,0.0
415,3,0.0
415,4,0.0
415,17,0.0
415,13,0.0
415,11,0.0
415,2,0.0
415,10,0.0
415,20,0.0
415,15,0.0
415,9,1.0
416,7,0.0
416,13,0.0
416,6,1.0
416,20,0.0
416,11,0.0
416,12,1.0
416,2,0.0
416,15,0.0
416,16,1.0
416,9,1.0
416,4,0.0
416,1,0.0
416,8,1.0
416,14,1.0
417,18,0.0
417,6,1.0
417,10,0.0
417,20,0.0
417,8,0.0
417,1,0.0
417,5,1.0
417,11,1.0
417,4,0.0
417,3,0.0
417,13,0.0
417,15,0.0
417,17,0.0
417,9,0.0
418,13,0.0
418,4,1.0
418,5,0.0
418,17,0.0
418,7,0.0
418,10,0.0
418,8,1.0
418,20,0.0
418,9,1.0
418,6,1.0
418,12,0.0
418,18,0.0
418,14,1.0
418,19,0.0
419,9,1.0
419,3,1.0
419,20,0.0
419,1,1.0
419,6,1.0
419,16,1.0
419,5,1.0
419,17,0.0
419,11,0.0
419,18,0.0
419,7,0.0
419,19,0.0
419,15,0.0
419,8,1.0
420,20,0.0
420,9,1.0
420,4,1.0
420,1,0.0
420,13,0.0
420,16,1.0
420,12,0.0
420,7,0.0
420,17,0.0
420,10,0.0
420,15,0.0
420,18,0.0
420,11,1.0
420,8,1.0
421,15,0.0
421,16,0.0
421,11,0.0
421,17,0.0
421,12,0.0
421,13,0.0
421,14,0.0
421,18,0.0
421,4,0.0
421,5,1.0
421,19,0.0
421,3,0.0
421,20,0.0
421,1,0.0
422,9,1.0
422,15,1.0
422,10,0.0
422,11,1.0
422,7,0.0
422,3,1.0
422,19,1.0
422,8,0.0
422,2,1.0
422,6,1.0
422,5,0.0
422,4,1.0
422,14,1.0
422,18,1.0
423,11,0.0
423,14,0.0
423,20,0.0
423,1,0.0
423,19,0.0
423,13,0.0
423,10,0.0
423,16,0.0
423,7,0.0
423,3,0.0
423,9,0.0
423,5,1.0
423,18,0.0
423,17,0.0
424,15,0.0
424,1,0.0
424,10,0.0
424,3,0.0
424,18,0.0
424,6,1.0
424,4,0.0
424,2,0.0
424,14,1.0
424,12,1.0
424,8,1.0
424,11,0.0
424,9,1.0
424,7,0.0
425,17,0.0
425,5,1.0
425,2,0.0
425,19,0.0
425,10,0.0
425,11,0.0
425,12,1.0
425,3,0.0
425,1,0.0
425,18,0.0
425,15,0.0
425,14,1.0
425,7,0.0
425,20,0.0
426,15,0.0
426,14,0.0
426,16,0.0
426,2,0.0
426,8,1.0
426,6,0.0
426,12,0.0
426,9,0.0
426,4,1.0
426,11,0.0
426,3,0.0
426,20,0.0
426,17,0.0
426,5,0.0
427,15,0.0
427,11,0.0
427,19,0.0
427,9,1.0
427,14,1.0
427,20,0.0
427,16,1.0
427,1,0.0
427,2,1.0
427,12,0.0
427,8,0.0
427,4,0.0
427,13,0.0
427,17,0.0
428,4,1.0
428,6,1.0
428,19,0.0
428,9,1.0
428,11,1.0
428,18,1.0
428,7,0.0
428,2,1.0
428,12,1.0
428,13,1.0
428,17,1.0
428,20,1.0
428,5,1.0
428,16,1.0
429,12,1.0
429,11,1.0
429,9,1.0
429,13,0.0
429,3,1.0
429,16,1.0
429,6,1.0
429,8,1.0
429,10,1.0
429,5,1.0
429,14,1.0
429,17,1.0
429,7,1.0
429,18,1.0
430,14,1.0
430,20,0.0
430,2,0.0
430,4,1.0
430,10,0.0
430,9,1.0
430,5,0.0
430,16,1.0
430,7,0.0
430,15,0.0
430,18,0.0
430,3,0.0
430,12,1.0
430,8,1.0
431,9,1.0
431,5,1.0
431,20,1.0
431,6,1.0
431,18,1.0
431,8,1.0
431,12,1.0
431,4,1.0
431,16,1.0
431,11,1.0
431,3,1.0
431,2,1.0
431,19,1.0
431,14,1.0
432,3,1.0
432,11,1.0
432,1,1.0
432,9,1.0
432,4,1.0
432,7,1.0
432,18,1.0
432,14,1.0
432,19,0.0
432,10,1.0
432,17,1.0
432,12,1.0
432,20,1.0
432,13,0.0
433,6,1.0
433,13,0.0
433,7,1.0
433,10,1.0
433,14,1.0
433,15,1.0
433,20,1.0
433,16,1.0
433,17,1.0
433,18,1.0
433,3,1.0
433,19,0.0
433,9,1.0
433,4,1.0
434,8,1.0
434,9,1.0
434,12,1.0
434,16,1.0
434,6,1.0
434,13,1.0
434,10,1.0
434,3,1.0
434,1,1.0
434,19,0.0
434,11,1.0
434,4,1.0
434,14,1.0
434,5,1.0
435,4,0.0
435,3,0.0
435,9,1.0
435,12,0.0
435,16,0.0
435,14,0.0
435,13,0.0
435,20,0.0
435,15,0.0
435,1,0.0
435,19,0.0
435,8,1.0
435,17,0.0
435,5,0.0
436,20,0.0
436,18,0.0
436,17,0.0
436,19,0.0
436,2,0.0
436,3,0.0
436,16,0.0
436,15,0.0
436,7,0.0
436,6,0.0
436,13,0.0
436,8,1.0
436,9,0.0
436,4,1.0
437,9,1.0
437,18,0.0
437,19,0.0
437,4,0.0
437,1,0.0
437,14,1.0
437,16,1.0
437,5,0.0
437,13,0.0
437,2,0.0
437,10,0.0
437,6,1.0
437,3,0.0
437,15,0.0
438,15,1.0
438,1,1.0
438,8,1.0
438,2,1.0
438,9,1.0
438,5,0.0
438,19,0.0
438,3,1.0
438,4,0.0
438,6,1.0
438,18,0.0
438,20,0.0
438,17,0.0
438,13,0.0
439,10,1.0
439,2,0.0
439,17,1.0
439,16,1.0
439,13,1.0
439,9,1.0
439,1,1.0
439,8,1.0
439,7,1.0
439,3,1.0
439,11,1.0
439,5,1.0
439,18,0.0
439,6,1.0
440,4,1.0
440,3,0.0
440,17,1.0
440,2,1.0
440,14,1.0
440,11,1.0
440,9,1.0
440,6,1.0
440,5,1.0
440,1,1.0
440,16,1.0
440,20,1.0
440,19,0.0
440,15,1.0
441,18,0.0
441,4,0.0
441,15,0.0
441,8,1.0
441,14,0.0
441,17,0.0
441,3,0.0
441,13,0.0
441,12,0.0
441,1,0.0
441,6,0.0
441,7,0.0
441,19,0.0
441,11,0.0
442,3,0.0
442,4,1.0
442,16,0.0
442,19,0.0
442,2,0.0
442,20,0.0
442,11,0.0
442,9,0.0
442,8,1.0
442,13,0.0
442,12,0.0
442,15,0.0
442,18,0.0
442,17,0.0
443,6,1.0
443,7,1.0
443,18,1.0
443,17,1.0
443,3,1.0
443,5,0.0
443,1,1.0
443,15,0.0
443,4,1.0
443,20,1.0
443,16,1.0
443,10,0.0
443,19,1.0
443,2,1.0
444,11,0.0
444,7,1.0
444,4,0.0
444,16,1.0
444,9,1.0
444,5,1.0
444,14,1.0
444,12,1.0
444,6,1.0
444,10,0.0
444,13,0.0
444,19,0.0
444,20,0.0
444,17,0.0
445,19,1.0
445,7,1.0
445,5,1.0
445,17,1.0
445,2,1.0
445,1,1.0
445,13,1.0
445,16,1.0
445,8,1.0
445,15,1.0
445,6,1.0
445,11,1.0
445,3,1.0
445,4,1.0
446,12,0.0
446,9,0.0
446,11,0.0
446,5,0.0
446,7,0.0
446,8,1.0
446,6,0.0
446,10,0.0
446,16,0.0
446,14,0.0
446,1,0.0
446,15,0.0
446,13,0.0
446,17,0.0
447,9,1.0
447,10,1.0
447,17,0.0
447,5,1.0
447,4,1.0
447,19,0.0
447,12,1.0
447,15,0.0
447,8,1.0
447,2,1.0
447,3,1.0
447,1,1.0
447,14,1.0
447,13,1.0
448,10,0.0
448,4,0.0
448,18,1.0
448,15,1.0
448,17,0.0
448,14,1.0
448,5,0.0
448,20,0.0
448,6,1.0
448,7,1.0
448,3,1.0
448,8,1.0
448,16,1.0
448,11,0.0
449,19,0.0
449,1,1.0
449,3,1.0
449,14,0.0
449,10,1.0
449,2,1.0
449,6,1.0
449,5,0.0
449,15,0.0
449,8,1.0
449,12,1.0
449,20,0.0
449,7,0.0
449,13,0.0
450,2,0.0
450,3,0.0
450,18,0.0
450,15,0.0
450,12,1.0
450,17,0.0
450,5,0.0
450,1,0.0
450,8,0.0
450,14,1.0
450,13,0.0
450,6,1.0
450,16,1.0
450,7,0.0
451,12,1.0
451,16,1.0
451,4,0.0
451,15,0.0
451,14,0.0
451,2,0.0
451,18,0.0
451,1,0.0
451,7,0.0
451,3,0.0
451,11,0.0
451,10,0.0
451,5,0.0
451,19,0.0
452,9,0.0
452,18,0.0
452,5,0.0
452,10,0.0
452,7,1.0
452,3,0.0
452,4,0.0
452,2,0.0
452,11,0.0
452,14,1.0
452,1,0.0
452,12,1.0
452,6,1.0
452,17,0.0
453,13,1.0
453,16,1.0
453,11,1.0
453,7,1.0
453,9,1.0
453,12,1.0
453,3,1.0
453,1,1.0
453,5,0.0
453,10,1.0
453,8,1.0
453,4,1.0
453,15,1.0
453,17,1.0
454,19,0.0
454,5,0.0
454,10,0.0
454,11,0.0
454,3,0.0
454,1,0.0
454,17,0.0
454,13,0.0
454,7,0.0
454,15,0.0
454,4,1.0
454,9,0.0
454,2,0.0
454,8,1.0
455,18,0.0
455,3,0.0
455,14,1.0
455,6,0.0
455,1,0.0
455,11,0.0
455,15,1.0
455,7,0.0
455,2,0.0
455,8,1.0
455,5,1.0
455,16,1.0
455,17,1.0
455,9,1.0
456,3,1.0
456,17,1.0
456,5,1.0
456,15,1.0
456,20,1.0
456,14,1.0
456,13,0.0
456,6,1.0
456,2,1.0
456,19,1.0
456,7,1.0
456,10,1.0
456,1,1.0
456,11,1.0
457,8,1.0
457,18,1.0
457,15,0.0
457,11,0.0
457,1,0.0
457,10,0.0
457,17,0.0
457,13,0.0
457,5,1.0
457,16,1.0
457,12,1.0
457,2,1.0
457,4,1.0
457,7,0.0
458,7,1.0
458,13,0.0
458,9,1.0
458,4,1.0
458,8,1.0
458,6,1.0
458,16,1.0
458,18,1.0
458,10,0.0
458,11,1.0
458,14,1.0
458,1,1.0
458,3,1.0
458,15,1.0
459,11,1.0
459,8,1.0
459,12,1.0
459,13,0.0
459,4,1.0
459,9,0.0
459,5,1.0
459,17,1.0
459,16,1.0
459,20,1.0
459,18,0.0
459,14,1.0
459,3,1.0
459,2,1.0
460,16,1.0
460,15,1.0
460,12,1.0
460,2,1.0
460,3,1.0
460,1,1.0
460,19,0.0
460,18,0.0
460,13,0.0
460,11,0.0
460,10,0.0
460,20,0.0
460,14,1.0
460,6,1.0
461,17,0.0
461,2,1.0
461,4,0.0
461,11,0.0
461,6,1.0
461,8,1.0
461,3,1.0
461,19,0.0
461,10,0.0
461,13,0.0
461,12,1.0
461,9,1.0
461,18,1.0
461,14,1.0
462,19,0.0
462,13,0.0
462,17,0.0
462,6,1.0
462,4,0.0
462,8,0.0
462,1,0.0
462,9,1.0
462,15,0.0
462,14,1.0
462,5,1.0
462,12,1.0
462,7,0.0
462,20,0.0
463,4,1.0
463,5,1.0
463,10,0.0
463,1,1.0
463,9,1.0
463,12,1.0
463,17,0.0
463,3,0.0
463,18,0.0
463,7,0.0
463,2,0.0
463,8,1.0
463,19,0.0
463,13,0.0
464,2,1.0
464,13,1.0
464,6,1.0
464,10,0.0
464,20,1.0
464,3,1.0
464,12,1.0
464,1,0.0
464,8,1.0
464,4,1.0
464,16,1.0
464,19,0.0
464,9,1.0
464,11,1.0
465,19,0.0
465,17,0.0
465,15,0.0
465,11,0.0
465,18,1.0
465,12,1.0
465,4,0.0
465,5,1.0
465,14,1.0
465,7,1.0
465,9,1.0
465,16,1.0
465,10,0.0
465,8,0.0
466,12,1.0
466,19,0.0
466,2,1.0
466,11,1.0
466,5,1.0
466,3,1.0
466,6,1.0
466,1,1.0
466,9,1.0
466,17,1.0
466,16,1.0
466,18,1.0
466,14,1.0
466,10,1.0
467,18,0.0
467,6,1.0
467,20,0.0
467,16,1.0
467,3,0.0
467,14,1.0
467,19,0.0
467,9,1.0
467,7,0.0
467,2,1.0
467,12,1.0
467,5,0.0
467,10,0.0
467,1,0.0
468,6,1.0
468,8,1.0
468,7,1.0
468,3,1.0
468,2,1.0
468,15,1.0
468,4,1.0
468,13,0.0
468,1,1.0
468,16,1.0
468,12,1.0
468,20,1.0
468,14,1.0
468,10,1.0
469,17,0.0
469,18,1.0
469,3,1.0
469,20,0.0
469,16,1.0
469,5,1.0
469,19,0.0
469,15,1.0
469,11,0.0
469,12,1.0
469,7,1.0
469,1,1.0
469,10,0.0
469,8,0.0
470,7,1.0
470,3,1.0
470,20,1.0
470,18,0.0
470,9,1.0
470,2,1.0
470,15,0.0
470,8,1.0
470,10,1.0
470,1,1.0
470,19,0.0
470,14,1.0
470,4,1.0
470,12,1.0
471,14,1.0
471,16,1.0
471,11,0.0
471,12,1.0
471,8,1.0
471,9,1.0
471,7,1.0
471,3,1.0
471,1,1.0
471,18,1.0
471,17,0.0
471,6,1.0
471,2,1.0
471,19,0.0
472,10,1.0
472,15,1.0
472,19,0.0
472,7,1.0
472,3,1.0
472,13,0.0
472,6,1.0
472,18,1.0
472,8,1.0
472,2,1.0
472,11,1.0
472,12,1.0
472,1,1.0
472,17,1.0
473,6,1.0
473,8,0.0
473,12,1.0
473,2,1.0
473,9,1.0
473,7,0.0
473,10,1.0
473,5,1.0
473,16,1.0
473,20,1.0
473,15,1.0
473,17,1.0
473,3,1.0
473,4,0.0
474,1,1.0
474,18,1.0
474,11,1.0
474,7,0.0
474,10,1.0
474,16,1.0
474,19,1.0
474,15,1.0
474,5,1.0
474,12,1.0
474,8,0.0
474,6,1.0
474,2,1.0
474,4,0.0
475,16,0.0
475,11,0.0
475,19,0.0
475,17,0.0
475,3,0.0
475,1,0.0
475,7,0.0
475,13,0.0
475,6,0.0
475,8,1.0
475,12,0.0
475,10,0.0
475,9,0.0
475,2,0.0
476,16,1.0
476,18,1.0
476,15,1.0
476,20,1.0
476,8,1.0
476,4,1.0
476,17,1.0
476,2,1.0
476,6,1.0
476,5,1.0
476,12,1.0
476,3,1.0
476,1,1.0
476,13,1.0
477,15,1.0
477,12,1.0
477,5,1.0
477,2,1.0
477,1,1.0
477,20,0.0
477,3,1.0
477,10,0.0
477,14,1.0
477,9,0.0
477,13,0.0
477,8,1.0
477,16,1.0
477,17,0.0
478,16,1.0
478,3,0.0
478,9,1.0
478,17,1.0
478,2,1.0
478,6,1.0
478,12,1.0
478,19,0.0
478,13,0.0
478,18,1.0
478,5,1.0
478,4,1.0
478,1,1.0
478,15,1.0
479,15,0.0
479,5,1.0
479,3,1.0
479,7,0.0
479,9,1.0
479,1,0.0
479,4,0.0
479,10,0.0
479,12,1.0
479,2,1.0
479,19,0.0
479,20,0.0
479,11,0.0
479,18,0.0
480,8,1.0
480,16,1.0
480,15,1.0
480,13,1.0
480,7,0.0
480,11,0.0
480,10,1.0
480,20,1.0
480,18,1.0
480,14,1.0
480,12,1.0
480,9,1.0
480,3,1.0
480,2,1.0
481,6,1.0
481,19,0.0
481,10,0.0
481,13,0.0
481,14,1.0
481,16,1.0
481,18,1.0
481,17,1.0
481,3,1.0
481,9,1.0
481,8,1.0
481,11,1.0
481,2,1.0
481,1,1.0
482,17,0.0
482,19,0.0
482,6,1.0
482,14,1.0
482,10,0.0
482,12,1.0
482,7,0.0
482,13,0.0
482,11,0.0
482,2,0.0
482,8,1.0
482,18,0.0
482,16,0.0
482,20,0.0
483,7,0.0
483,14,1.0
483,20,0.0
483,11,0.0
483,4,1.0
483,19,0.0
483,16,1.0
483,18,0.0
483,3,1.0
483,8,1.0
483,17,0.0
483,5,0.0
483,15,0.0
483,12,1.0
484,5,1.0
484,17,0.0
484,9,1.0
484,11,0.0
484,10,0.0
484,13,0.0
484,20,0.0
484,19,0.0
484,12,1.0
484,15,0.0
484,7,0.0
484,18,0.0
484,8,1.0
484,14,1.0
485,19,0.0
485,9,1.0
485,1,1.0
485,18,0.0
485,8,1.0
485,13,0.0
485,17,0.0
485,7,0.0
485,11,0.0
485,16,1.0
485,12,1.0
485,10,0.0
485,14,1.0
485,3,1.0
486,10,0.0
486,15,0.0
486,19,0.0
486,13,0.0
486,14,1.0
486,6,1.0
486,3,0.0
486,7,0.0
486,16,1.0
486,20,0.0
486,8,1.0
486,18,1.0
486,2,0.0
486,5,0.0
487,19,0.0
487,5,1.0
487,17,1.0
487,9,1.0
487,13,0.0
487,7,0.0
487,8,1.0
487,11,1.0
487,15,0.0
487,16,1.0
487,1,1.0
487,12,1.0
487,18,1.0
487,14,1.0
488,1,0.0
488,16,1.0
488,2,0.0
488,7,0.0
488,12,1.0
488,18,0.0
488,14,1.0
488,17,0.0
488,15,0.0
488,13,0.0
488,10,0.0
488,4,0.0
488,5,1.0
488,3,0.0
489,9,1.0
489,6,1.0
489,17,1.0
489,13,1.0
489,19,0.0
489,11,1.0
489,1,1.0
489,8,1.0
489,15,1.0
489,7,0.0
489,18,1.0
489,3,1.0
489,2,1.0
489,10,1.0
490,1,0.0
490,19,0.0
490,14,0.0
490,16,1.0
490,15,0.0
490,3,0.0
490,18,0.0
490,17,0.0
490,12,1.0
490,2,1.0
490,6,1.0
490,8,1.0
490,7,0.0
490,13,0.0
491,15,0.0
491,19,0.0
491,7,0.0
491,4,1.0
491,5,0.0
491,3,0.0
491,2,0.0
491,8,1.0
491,18,0.0
491,13,0.0
491,11,0.0
491,16,0.0
491,6,0.0
491,10,0.0
492,17,0.0
492,13,0.0
492,18,0.0
492,3,1.0
492,7,1.0
492,20,0.0
492,1,1.0
492,5,1.0
492,15,0.0
492,9,1.0
492,2,1.0
492,6,1.0
492,10,1.0
492,4,0.0
493,2,0.0
493,14,0.0
493,12,0.0
493,11,0.0
493,15,0.0
493,20,0.0
493,17,0.0
493,6,0.0
493,3,0.0
493,7,0.0
493,18,0.0
493,9,1.0
493,13,0.0
493,16,0.0
494,7,1.0
494,10,1.0
494,4,1.0
494,8,1.0
494,9,1.0
494,14,0.0
494,19,1.0
494,1,1.0
494,2,1.0
494,5,1.0
494,11,1.0
494,17,1.0
494,15,1.0
494,18,1.0
495,20,0.0
495,2,0.0
495,3,0.0
495,12,0.0
495,9,0.0
495,6,1.0
495,4,1.0
495,10,0.0
495,5,0.0
495,19,0.0
495,16,0.0
495,15,0.0
495,17,0.0
495,1,0.0
496,15,1.0
496,12,1.0
496,3,1.0
496,13,0.0
496,7,0.0
496,20,0.0
496,11,1.0
496,17,1.0
496,5,1.0
496,10,1.0
496,6,1.0
496,14,1.0
496,16,1.0
496,2,1.0
497,6,0.0
497,20,0.0
497,7,0.0
497,13,0.0
497,11,0.0
497,10,0.0
497,18,0.0
497,19,0.0
497,17,0.0
497,15,0.0
497,1,0.0
497,14,0.0
497,9,1.0
497,3,0.0
498,1,0.0
498,9,0.0
498,10,0.0
498,6,0.0
498,12,0.0
498,5,1.0
498,8,0.0
498,13,0.0
498,3,0.0
498,17,0.0
498,19,0.0
498,14,0.0
498,18,0.0
498,2,0.0
499,2,0.0
499,15,0.0
499,16,0.0
499,4,1.0
499,11,0.0
499,6,0.0
499,1,0.0
499,3,0.0
499,17,0.0
499,5,0.0
499,18,0.0
499,13,0.0
499,14,0.0
499,10,0.0
500,13,0.0
500,4,0.0
500,14,0.0
500,19,0.0
500,18,0.0
500,12,1.0
500,17,0.0
500,8,1.0
500,9,1.0
500,6,1.0
500,2,0.0
500,11,0.0
500,10,0.0
500,3,0.0
501,5,1.0
501,16,1.0
501,6,1.0
501,17,0.0
501,10,0.0
501,20,0.0
501,11,0.0
501,1,1.0
501,18,0.0
501,4,0.0
501,7,0.0
501,14,1.0
501,13,0.0
501,12,1.0
502,10,0.0
502,18,0.0
502,2,0.0
502,14,1.0
502,17,0.0
502,13,0.0
502,7,0.0
502,4,0.0
502,3,0.0
502,12,1.0
502,16,0.0
502,8,1.0
502,6,1.0
502,19,0.0
503,2,0.0
503,9,0.0
503,10,0.0
503,3,0.0
503,4,0.0
503,6,0.0
503,16,0.0
503,1,0.0
503,13,0.0
503,5,1.0
503,12,0.0
503,7,0.0
503,18,0.0
503,8,0.0
504,20,0.0
504,19,0.0
504,9,0.0
504,18,0.0
504,14,1.0
504,5,1.0
504,17,0.0
504,3,0.0
504,4,0.0
504,11,0.0
504,12,1.0
504,10,0.0
504,1,0.0
504,7,0.0
505,4,1.0
505,11,0.0
505,1,0.0
505,7,0.0
505,6,0.0
505,13,0.0
505,18,0.0
505,9,0.0
505,20,0.0
505,10,0.0
505,14,0.0
505,12,1.0
505,15,0.0
505,3,0.0
506,3,0.0
506,20,0.0
506,10,0.0
506,18,0.0
506,1,0.0
506,2,0.0
506,17,0.0
506,15,0.0
506,4,1.0
506,13,0.0
506,9,0.0
506,6,0.0
506,12,0.0
506,16,0.0
507,8,1.0
507,1,0.0
507,17,0.0
507,9,1.0
507,11,0.0
507,18,0.0
507,4,0.0
507,14,1.0
507,13,0.0
507,3,0.0
507,16,1.0
507,5,0.0
507,2,0.0
507,10,0.0
508,20,0.0
508,16,1.0
508,14,1.0
508,11,0.0
508,7,0.0
508,10,0.0
508,17,0.0
508,8,0.0
508,2,0.0
508,9,1.0
508,6,1.0
508,19,0.0
508,15,0.0
508,12,1.0
509,12,0.0
509,18,0.0
509,14,0.0
509,5,0.0
509,15,0.0
509,11,0.0
509,3,0.0
509,9,0.0
509,1,0.0
509,20,0.0
509,8,0.0
509,7,0.0
509,17,0.0
509,13,0.0
510,3,0.0
510,17,0.0
510,14,0.0
510,10,0.0
510,8,0.0
510,1,0.0
510,12,0.0
510,11,1.0
510,20,0.0
510,2,0.0
510,6,0.0
510,7,0.0
510,16,0.0
510,5,1.0
511,9,1.0
511,15,0.0
511,7,0.0
511,18,0.0
511,2,0.0
511,19,0.0
511,4,0.0
511,17,0.0
511,6,1.0
511,11,0.0
511,1,0.0
511,3,0.0
511,20,0.0
511,14,1.0
512,11,0.0
512,13,0.0
512,18,0.0
512,5,1.0
512,4,0.0
512,1,0.0
512,16,1.0
512,17,0.0
512,15,0.0
512,7,0.0
512,2,0.0
512,19,0.0
512,10,0.0
512,8,0.0
513,13,0.0
513,8,1.0
513,10,1.0
513,14,1.0
513,17,0.0
513,20,1.0
513,19,0.0
513,15,1.0
513,6,1.0
513,4,1.0
513,9,0.0
513,11,1.0
513,16,1.0
513,5,1.0
514,8,1.0
514,4,0.0
514,19,0.0
514,11,0.0
514,13,0.0
514,20,0.0
514,14,1.0
514,2,0.0
514,10,0.0
514,17,0.0
514,9,1.0
514,7,0.0
514,5,0.0
514,18,0.0
515,8,1.0
515,17,0.0
515,20,0.0
515,4,0.0
515,16,1.0
515,14,1.0
515,11,0.0
515,7,0.0
515,1,0.0
515,13,0.0
515,18,0.0
515,2,0.0
515,10,0.0
515,19,0.0
516,4,0.0
516,8,1.0
516,2,0.0
516,5,1.0
516,14,1.0
516,3,0.0
516,7,0.0
516,13,0.0
516,9,0.0
516,20,0.0
516,11,0.0
516,1,0.0
516,6,1.0
516,19,0.0
517,17,0.0
517,5,1.0
517,14,0.0
517,13,0.0
517,6,1.0
517,11,0.0
517,12,0.0
517,1,0.0
517,10,0.0
517,9,0.0
517,8,1.0
517,7,0.0
517,2,0.0
517,20,0.0
518,5,0.0
518,17,0.0
518,15,0.0
518,4,1.0
518,2,1.0
518,7,0.0
518,14,1.0
518,13,0.0
518,3,1.0
518,10,0.0
518,18,0.0
518,19,0.0
518,20,0.0
518,9,1.0
519,14,0.0
519,2,0.0
519,13,0.0
519,17,0.0
519,18,0.0
519,16,0.0
519,8,0.0
519,4,1.0
519,1,0.0
519,11,0.0
519,12,0.0
519,5,0.0
519,3,0.0
519,15,0.0
520,7,1.0
520,15,0.0
520,8,1.0
520,5,1.0
520,4,1.0
520,1,1.0
520,11,1.0
520,3,1.0
520,9,1.0
520,18,1.0
520,20,0.0
520,10,1.0
520,13,0.0
520,12,1.0
521,3,0.0
521,12,1.0
521,4,0.0
521,14,0.0
521,17,0.0
521,9,0.0
521,18,0.0
521,7,0.0
521,2,0.0
521,5,0.0
521,13,0.0
521,19,0.0
521,1,0.0
521,16,0.0
522,11,0.0
522,10,0.0
522,8,0.0
522,7,0.0
522,17,0.0
522,16,0.0
522,13,0.0
522,4,0.0
522,20,0.0
522,2,0.0
522,18,0.0
522,6,1.0
522,19,0.0
522,14,0.0
523,9,0.0
523,8,0.0
523,3,0.0
523,19,0.0
523,18,0.0
523,13,0.0
523,15,0.0
523,14,0.0
523,6,0.0
523,5,0.0
523,2,0.0
523,17,0.0
523,16,1.0
523,11,0.0
524,6,0.0
524,11,0.0
524,20,0.0
524,16,0.0
524,8,1.0
524,15,0.0
524,14,0.0
524,4,1.0
524,3,0.0
524,19,0.0
524,9,0.0
524,10,0.0
524,12,0.0
524,1,0.0
525,6,0.0
525,10,0.0
525,15,0.0
525,3,0.0
525,18,0.0
525,20,0.0
525,14,0.0
525,12,0.0
525,11,1.0
525,7,0.0
525,5,0.0
525,8,0.0
525,17,0.0
525,13,0.0
526,14,0.0
526,4,0.0
526,3,0.0
526,17,0.0
526,2,0.0
526,16,0.0
526,19,0.0
526,10,0.0
526,18,0.0
526,7,0.0
526,1,0.0
526,15,0.0
526,5,0.0
526,9,0.0
527,9,1.0
527,2,1.0
527,3,1.0
527,14,1.0
527,7,0.0
527,17,0.0
527,1,1.0
527,18,0.0
527,13,0.0
527,12,1.0
527,15,1.0
527,11,0.0
527,5,0.0
527,4,1.0
528,18,0.0
528,14,1.0
528,8,1.0
528,4,1.0
528,7,0.0
528,20,0.0
528,6,1.0
528,5,0.0
528,16,1.0
528,12,1.0
528,19,0.0
528,10,0.0
528,3,1.0
528,9,1.0
529,6,0.0
529,20,0.0
529,9,0.0
529,7,0.0
529,4,0.0
529,19,0.0
529,1,0.0
529,5,0.0
529,13,0.0
529,11,0.0
529,17,0.0
529,10,0.0
529,12,0.0
529,3,0.0
530,12,0.0
530,7,0.0
530,16,0.0
530,17,0.0
530,20,0.0
530,5,0.0
530,14,0.0
530,9,0.0
530,19,0.0
530,11,0.0
530,15,1.0
530,6,0.0
530,10,0.0
530,3,0.0
531,15,0.0
531,11,1.0
531,12,0.0
531,6,0.0
531,2,0.0
531,16,0.0
531,18,0.0
531,3,0.0
531,1,0.0
531,14,0.0
531,13,0.0
531,17,0.0
531,9,0.0
531,4,0.0
532,1,0.0
532,18,0.0
532,4,0.0
532,5,0.0
532,14,0.0
532,2,0.0
532,9,0.0
532,10,0.0
532,11,0.0
532,17,0.0
532,15,0.0
532,6,0.0
532,8,0.0
532,16,0.0
533,18,1.0
533,16,1.0
533,20,0.0
533,7,1.0
533,11,1.0
533,19,0.0
533,14,1.0
533,15,0.0
533,3,1.0
533,17,1.0
533,5,1.0
533,10,1.0
533,2,1.0
533,12,1.0
534,13,0.0
534,18,0.0
534,3,0.0
534,11,0.0
534,17,0.0
534,6,0.0
534,12,0.0
534,20,0.0
534,10,0.0
534,1,0.0
534,8,0.0
534,5,0.0
534,19,0.0
534,14,0.0
535,2,1.0
535,11,1.0
535,18,1.0
535,20,0.0
535,1,1.0
535,9,1.0
535,5,0.0
535,6,1.0
535,19,0.0
535,3,1.0
535,12,1.0
535,13,1.0
535,7,1.0
535,16,1.0
536,13,0.0
536,11,0.0
536,19,0.0
536,15,1.0
536,3,1.0
536,14,1.0
536,17,0.0
536,4,1.0
536,20,0.0
536,12,1.0
536,1,1.0
536,7,0.0
536,6,1.0
536,8,1.0
